from,to,weight
BTG,L03331PAPP01,574
BTG,L03331PAPP01,24
BTG,L03331PAPP01,5
BTG,L03331PAPP01,534
BTG,L03331PAPP01,367
BTG,L03331PAPP01,336
BTG,L03331PAPP01,4
BTG,L03331PAPP01,14
EbMl-env,W03900PMBX0,18
EbMl-env,W03900PMBX0,4
EbMl-env,W03900PMBX0,4
EbMl-env_0000000002,W03900PMBX0,2
EbMl-env_0000000002,W03900PMBX0,2
EbMl-env_0000000002,W03900PMBX0,2
EbMl-env_0000000002,W03900PMBX0,1
EbObol-env,W03900PMBX0,2
EbObol-env_0000000002,W03900PMBX0,1
EbObol-env_0000000002,W03900PMBX0,1
EbtWeb-env,W03900PMBX0,1
EbtWeb-env,W03900PMBX0,5
EbtWeb-env,W03900PMBX0,1
EbtWeb-env,W03900PMBX0,1
EbtWeb-env_0000000002,W03900PMBX0,2
EbtWeb-env_0000000002,W03900PMBX0,5
EbtWeb-env_0000000002,W03900PMBX0,1
EbtWeb-env_0000000002,W03900PMBX0,1
FW_ZONE_B2,W00571PAPP0,202
FW_ZONE_B2,W00571PAPP0,42
FW_ZONE_D2,W00572PAPP0,84
FW_ZONE_D2,W00572PAPP0,179
L02427PAPP0,W03900PMBX0,1
L02633PAPP0,L02694PAPP0,1
L02633PAPP0,L02694PAPP0,1
L02633PAPP0,L02701PAPP0,1
L02633PAPP0,L02701PAPP0,1
L02633PAPP0,L02701PAPP0,1
L02633PAPP0,L03074PAPP0,1
L02633PAPP0,L03074PAPP0,2
L02633PAPP0,L03074PAPP0,1
L02633PAPP0,L03331PAPP01,1
L02633PAPP0,L03331PAPP01,1
L02633PAPP0,L03455PAPP0,1
L02633PAPP0,L03455PAPP0,1
L02633PAPP0,L03455PAPP0,1
L02633PAPP0,L04014PAPP0,1
L02633PAPP0,L04067PAPP0,1
L02633PAPP0,L04134PAPP0,1
L02633PAPP0,L04160PAPP0,1
L02633PAPP0,L04160PAPP0,1
L02633PAPP0,L05374PORA0,1
L02633PAPP0,L05528PNOD1,2
L02633PAPP0,L05528PNOD1,1
L02633PAPP0,L05528PNOD1,2
L02633PAPP0,L05528PNOD1,3
L02633PAPP0,L05528PNOD2,1
L02633PAPP0,L05528PNOD2,1
L02633PAPP0,L05528PNOD2,1
L02633PAPP0,L05528PNOD2,2
L02633PAPP0,L05528PNOD2,1
L02633PAPP0,L05820PAPP0,1
L02633PAPP0,L05820PAPP0,1
L02633PAPP0,L05918PAPP0,1
L02633PAPP0,L05918PAPP0,1
L02633PAPP0,L05984PSQL0,1
L02633PAPP0,L05997PORA0,2
L02633PAPP0,L05997PORA0,1
L02633PAPP0,L05997PORA0,1
L02633PAPP0,L05997PORA0,3
L02633PAPP0,L05998PORA0,1
L02633PAPP0,L05998PORA0,1
L02633PAPP0,L05998PORA0,1
L02633PAPP0,L05998PORA0,2
L02633PAPP0,L05998PORA0,1
L02633PAPP0,L05998PORA0,1
L02633PAPP0,L05998PORA0,1
L02633PAPP0,L06023PAPPO,1
L02633PAPP0,L06023PAPPO,1
L02633PAPP0,L06036PAPP0,1
L02633PAPP0,L06036PAPP0,1
L02633PAPP0,L06036PAPP0,1
L02633PAPP0,L06100PAPP0,1
L02633PAPP0,L06100PAPP0,1
L02633PAPP0,L06100PAPP0,1
L02633PAPP0,L06284PAPP0,1
L02633PAPP0,L06284PAPP0,1
L02633PAPP0,L06284PAPP0,1
L02633PAPP0,L06284PAPP0,1
L02633PAPP0,L06387PAPP0,24
L02633PAPP0,L06387PAPP0,2
L02633PAPP0,L06387PAPP0,14
L02633PAPP0,L06392PAPP0,1
L02633PAPP0,L06514PAPP0,1
L02633PAPP0,L06514PAPP0,1
L02633PAPP0,L06514PAPP0,1
L02633PAPP0,NSCL116PNMG,1
L02633PAPP0,NSCL116PNMG,1
L02633PAPP0,NSCL139PAPP,1
L02633PAPP0,NSCL169PFAP,1
L02633PAPP0,W00571PAPP0,1
L02633PAPP0,W00875DFLE0,1
L02633PAPP0,W00928PFLE0,1
L02633PAPP0,W00928PFLE0,1
L02633PAPP0,W01345PAPP0,1
L02633PAPP0,W01605PAPP0,22
L02633PAPP0,W01605PAPP0,1
L02633PAPP0,W01605PAPP0,28
L02633PAPP0,W01608PNOD1,1
L02633PAPP0,W01608PNOD1,1
L02633PAPP0,W01725UAPP0,1
L02633PAPP0,W02130PAPP0,1
L02633PAPP0,W02130PAPP0,1
L02633PAPP0,W02283PAPP0,1
L02633PAPP0,W02369PAPP0,1
L02633PAPP0,W02475PAPP0,1
L02633PAPP0,W02476PAPP0,1
L02633PAPP0,W02476PAPP0,1
L02633PAPP0,W02509PAPP0,1
L02633PAPP0,W02510PAPP1,1
L02633PAPP0,W02510PAPP1,1
L02633PAPP0,W02763PAPP1,1
L02633PAPP0,W02764PNOD2,2
L02633PAPP0,W02764PNOD2,1
L02633PAPP0,W02764PNOD2,1
L02633PAPP0,W02764PNOD2,1
L02633PAPP0,W02764PNOD3,1
L02633PAPP0,W02764PNOD3,1
L02633PAPP0,W02824PAPP0,1
L02633PAPP0,W02824PAPP0,2
L02633PAPP0,W02824PAPP0,1
L02633PAPP0,W02824PAPP0,1
L02633PAPP0,W02825PNOD1,1
L02633PAPP0,W02825PNOD1,1
L02633PAPP0,W02825PNOD1,1
L02633PAPP0,W02825PNOD1,1
L02633PAPP0,W02825PNOD1,1
L02633PAPP0,W02825PNOD2,1
L02633PAPP0,W02894QNOD1,1
L02633PAPP0,W02894QNOD1,1
L02633PAPP0,W02894QNOD2,2
L02633PAPP0,W02894QNOD2,1
L02633PAPP0,W02894QNOD2,1
L02633PAPP0,W02894QNOD2,1
L02633PAPP0,W02894QNOD2,1
L02633PAPP0,W02894QNOD2,1
L02633PAPP0,W02894QNOD2,1
L02633PAPP0,W02896QAPP0,1
L02633PAPP0,W02952QNOD1,1
L02633PAPP0,W02952QNOD1,1
L02633PAPP0,W02954QAPP0,1
L02633PAPP0,W02954QAPP0,1
L02633PAPP0,W02975PAPP0,1
L02633PAPP0,W02975PAPP0,1
L02633PAPP0,W03014PAPP0,1
L02633PAPP0,W03014PAPP0,2
L02633PAPP0,W03014PAPP0,2
L02633PAPP0,W03014PAPP0,2
L02633PAPP0,W03022PNOD1,2
L02633PAPP0,W03022PNOD1,1
L02633PAPP0,W03022PNOD1,2
L02633PAPP0,W03022PNOD1,1
L02633PAPP0,W03022PNOD2,1
L02633PAPP0,W03022PNOD2,1
L02633PAPP0,W03022PNOD2,2
L02633PAPP0,W03060PAPP0,1
L02633PAPP0,W03066UAPP0,1
L02633PAPP0,W03072USQL0,1
L02633PAPP0,W03072USQL0,1
L02633PAPP0,W03073PNOD1,2
L02633PAPP0,W03073PNOD1,1
L02633PAPP0,W03073PNOD1,2
L02633PAPP0,W03073PNOD1,1
L02633PAPP0,W03073PNOD1,1
L02633PAPP0,W03095PNOD1,3
L02633PAPP0,W03095PNOD1,1
L02633PAPP0,W03095PNOD1,1
L02633PAPP0,W03095PNOD1,1
L02633PAPP0,W03095PNOD1,1
L02633PAPP0,W03095PNOD2,2
L02633PAPP0,W03095PNOD2,1
L02633PAPP0,W03097PAPP0,122
L02633PAPP0,W03097PAPP0,65
L02633PAPP0,W03108QAPP0,1
L02633PAPP0,W03108QAPP0,1
L02633PAPP0,W03110QNOD1,1
L02633PAPP0,W03125DAPP0,1
L02633PAPP0,W03156PNOD1,1
L02633PAPP0,W03156PNOD2,2
L02633PAPP0,W03156PNOD2,1
L02633PAPP0,W03156PNOD2,2
L02633PAPP0,W03156PNOD2,1
L02633PAPP0,W03158PAPP0,130
L02633PAPP0,W03158PAPP0,1
L02633PAPP0,W03158PAPP0,112
L02633PAPP0,W03191DNOD2,3
L02633PAPP0,W03191DNOD2,1
L02633PAPP0,W03191DNOD2,1
L02633PAPP0,W03191DNOD2,1
L02633PAPP0,W03328PSQL0,1
L02633PAPP0,W03328PSQL0,1
L02633PAPP0,W03330DAPP0,1
L02633PAPP0,W03330DAPP0,1
L02633PAPP0,W03330DAPP0,1
L02633PAPP0,W03330DAPP0,1
L02633PAPP0,W03330DAPP0,1
L02633PAPP0,W03453PNOD1,5
L02633PAPP0,W03453PNOD1,2
L02633PAPP0,W03453PNOD1,1
L02633PAPP0,W03453PNOD1,2
L02633PAPP0,W03453PNOD2,1
L02633PAPP0,W03453PNOD2,1
L02633PAPP0,W03453PNOD2,1
L02633PAPP0,W03453PNOD2,1
L02633PAPP0,W03453PNOD2,1
L02633PAPP0,W03453PNOD2,1
L02633PAPP0,W03866QNOD1,4
L02633PAPP0,W03866QNOD1,2
L02633PAPP0,W03866QNOD1,6
L02633PAPP0,W03866QNOD1,2
L02633PAPP0,W03869PNOD1,1
L02633PAPP0,W03869PNOD1,2
L02633PAPP0,W03869PNOD1,1
L02633PAPP0,W03869PNOD1,1
L02633PAPP0,W03869PNOD1,1
L02633PAPP0,W03869PNOD2,1
L02633PAPP0,W03869PNOD2,1
L02633PAPP0,W03900PMBX0,4
L02633PAPP0,W03900PMBX0,15
L02633PAPP0,W03900PMBX0,1
L02633PAPP0,W03900PMBX0,5
L02633PAPP0,W03900PMBX0,6
L02633PAPP0,W03900PMBX0,1
L02633PAPP0,W03900PMBX0,4
L02633PAPP0,W03900PMBX0,5
L02633PAPP0,W03900PMBX0,1
L02633PAPP0,W03900PMBX0,7
L02633PAPP0,W03900PMBX0,5
L02633PAPP0,W04013PSQL0,1
L02633PAPP0,W04158PAPP0,1
L02633PAPP0,W04181PNOD1,1
L02633PAPP0,W04181PNOD1,2
L02633PAPP0,W04181PNOD1,1
L02633PAPP0,W04181PNOD1,1
L02633PAPP0,W04181PNOD1,1
L02633PAPP0,W04181PNOD1,1
L02633PAPP0,W04181PNOD1,1
L02633PAPP0,W04181PNOD1,1
L02633PAPP0,W04181PNOD1,2
L02633PAPP0,W04181PNOD2,1
L02633PAPP0,W04181PNOD2,2
L02633PAPP0,W04181PNOD2,1
L02633PAPP0,W04181PNOD2,1
L02633PAPP0,W04181PNOD2,1
L02633PAPP0,W04197PAPP0,1
L02633PAPP0,W04227QAPP0,1
L02633PAPP0,W04228QSQL0,1
L02633PAPP0,W04238QNOD1,3
L02633PAPP0,W04238QNOD1,1
L02633PAPP0,W04238QNOD1,2
L02633PAPP0,W04238QNOD1,1
L02633PAPP0,W04251QNOD1,1
L02633PAPP0,W04251QNOD2,1
L02633PAPP0,W05004PNOD1,1
L02633PAPP0,W05004PNOD1,1
L02633PAPP0,W05004PNOD1,2
L02633PAPP0,W05004PNOD1,1
L02633PAPP0,W05010PAPP0,1
L02633PAPP0,W05012PAPP0,1
L02633PAPP0,W05013PAPP0,1
L02633PAPP0,W05049PBKP0,1
L02633PAPP0,W05053PNOD1,1
L02633PAPP0,W05053PNOD1,4
L02633PAPP0,W05053PNOD1,1
L02633PAPP0,W05053PNOD1,1
L02633PAPP0,W05053PNOD1,1
L02633PAPP0,W05053PNOD1,1
L02633PAPP0,W05053PNOD1,1
L02633PAPP0,W05053PNOD1,1
L02633PAPP0,W05053PNOD1,1
L02633PAPP0,W05053PNOD1,1
L02633PAPP0,W05053PNOD1,1
L02633PAPP0,W05053PNOD1,2
L02633PAPP0,W05053PNOD2,1
L02633PAPP0,W05054PNOD1,2
L02633PAPP0,W05054PNOD1,1
L02633PAPP0,W05054PNOD1,2
L02633PAPP0,W05054PNOD1,1
L02633PAPP0,W05054PNOD1,1
L02633PAPP0,W05054PNOD1,1
L02633PAPP0,W05054PNOD1,1
L02633PAPP0,W05054PNOD1,1
L02633PAPP0,W05054PNOD1,1
L02633PAPP0,W05054PNOD1,3
L02633PAPP0,W05054PNOD1,2
L02633PAPP0,W05054PNOD1,2
L02633PAPP0,W05054PNOD1,1
L02633PAPP0,W05054PNOD1,1
L02633PAPP0,W05093QAPP0,1
L02633PAPP0,W05094QNOD1,1
L02633PAPP0,W05094QNOD1,1
L02633PAPP0,W05094QNOD1,2
L02633PAPP0,W05094QNOD1,1
L02633PAPP0,W05094QNOD1,1
L02633PAPP0,W05094QNOD1,4
L02633PAPP0,W05094QNOD1,1
L02633PAPP0,W05094QNOD1,1
L02633PAPP0,W05094QNOD1,1
L02633PAPP0,W05094QNOD2,1
L02633PAPP0,W05095QNOD2,1
L02633PAPP0,W05095QNOD2,2
L02633PAPP0,W05095QNOD2,1
L02633PAPP0,W05095QNOD2,1
L02633PAPP0,W05095QNOD2,1
L02633PAPP0,W05095QNOD2,3
L02633PAPP0,W05095QNOD2,5
L02633PAPP0,W05095QNOD2,5
L02633PAPP0,W05095QNOD2,1
L02633PAPP0,W05095QNOD2,4
L02633PAPP0,W05095QNOD2,3
L02633PAPP0,W05095QNOD2,1
L02633PAPP0,W05095QNOD2,6
L02633PAPP0,W05095QNOD2,2
L02633PAPP0,W05095QNOD2,2
L02633PAPP0,W05095QNOD2,1
L02633PAPP0,W05115PNOD1,1
L02633PAPP0,W05115PNOD2,1
L02633PAPP0,W05115PNOD2,1
L02633PAPP0,W05115PNOD2,1
L02633PAPP0,W05115PNOD2,2
L02633PAPP0,W05115PNOD2,1
L02633PAPP0,W05245QNOD2,2
L02633PAPP0,W05245QNOD2,2
L02633PAPP0,W05245QNOD2,5
L02633PAPP0,W05245QNOD2,1
L02633PAPP0,W05245QNOD2,1
L02633PAPP0,W05245QNOD2,1
L02633PAPP0,W05245QNOD2,1
L02633PAPP0,W05245QNOD2,1
L02633PAPP0,W05245QNOD2,1
L02633PAPP0,W05245QNOD2,1
L02633PAPP0,W05245QNOD2,3
L02633PAPP0,W05245QNOD2,3
L02633PAPP0,W05245QNOD2,1
L02633PAPP0,W05245QNOD2,1
L02633PAPP0,W05245QNOD2,1
L02633PAPP0,W05245QNOD2,1
L02633PAPP0,W05247PNOD1,1
L02633PAPP0,W05247PNOD2,3
L02633PAPP0,W05247PNOD2,1
L02633PAPP0,W05251PAPP0,1
L02633PAPP0,W05263PAPP0,1
L02633PAPP0,W05359PCXW0,57
L02633PAPP0,W05359PCXW0,51
L02633PAPP0,W05360PCXW0,1
L02633PAPP0,W05416PPSC0,1
L02633PAPP0,W05581QSQL0,1
L02633PAPP0,W05639QNOD1,1
L02633PAPP0,W05640QAPP0,1
L02633PAPP0,W05641QAPP0,2
L02633PAPP0,W05686PNOD1,1
L02633PAPP0,W05686PNOD1,1
L02633PAPP0,W05686PNOD1,1
L02633PAPP0,W05686PNOD1,1
L02633PAPP0,W05686PNOD1,1
L02633PAPP0,W05686PNOD1,1
L02633PAPP0,W05686PNOD1,2
L02633PAPP0,W05686PNOD1,1
L02633PAPP0,W05686PNOD1,1
L02633PAPP0,W05686PNOD1,1
L02633PAPP0,W05686PNOD1,1
L02633PAPP0,W05686PNOD1,1
L02633PAPP0,W05686PNOD1,1
L02633PAPP0,W05686PNOD1,1
L02633PAPP0,W05782PAPP0,1
L02633PAPP0,W05815QAPP0,1
L02633PAPP0,W05816QSQL0,1
L02633PAPP0,W05934QAPP0,1
L02633PAPP0,W05986PAPP0,1
L02633PAPP0,W06064QAPP0,1
L02633PAPP0,W06065QAPP0,1
L02633PAPP0,W06178PFLE0,1
L02633PAPP0,W06297QNOD1,1
L02633PAPP0,W06297QNOD2,1
L02633PAPP0,W06451PNCE0,1
L02633PAPP0,W06545PNOD1,1
L02633PAPP0,W06545PNOD1,3
L02633PAPP0,W06545PNOD1,2
L02633PAPP0,W06545PNOD1,1
L02633PAPP0,W06545PNOD1,1
L02633PAPP0,W06545PNOD1,1
L02633PAPP0,W06545PNOD1,1
L02633PAPP0,W06545PNOD1,3
L02633PAPP0,W06545PNOD1,1
L02633PAPP0,W06545PNOD1,1
L02694PAPP0,L05528PNOD1,71
L02694PAPP0,L05528PNOD1,1
L02694PAPP0,L05528PNOD1,5
L02694PAPP0,L05528PNOD1,42
L02694PAPP0,L05528PNOD1,9
L02694PAPP0,L05528PNOD1,52
L02694PAPP0,L05528PNOD1,1
L02694PAPP0,L05528PNOD1,1
L02694PAPP0,L05528PNOD1,19
L02694PAPP0,L05528PNOD1,2
L02694PAPP0,L05528PNOD1,9
L02694PAPP0,L05528PNOD1,11
L02694PAPP0,L05528PNOD1,1
L02694PAPP0,L05528PNOD1,35
L02694PAPP0,L05528PNOD1,1
L02694PAPP0,L05528PNOD1,11
L02694PAPP0,L05528PNOD1,3
L02694PAPP0,L05528PNOD1,1
L02694PAPP0,L05528PNOD1,1
L02694PAPP0,L05528PNOD1,19
L02694PAPP0,L05528PNOD1,7
L02694PAPP0,L05528PNOD1,2
L02694PAPP0,L05528PNOD2,13
L02694PAPP0,L05528PNOD2,6
L02694PAPP0,L05528PNOD2,5
L02694PAPP0,L05528PNOD2,1
L02694PAPP0,L05528PNOD2,2
L02694PAPP0,L05528PNOD2,1
L02694PAPP0,L05528PNOD2,7
L02694PAPP0,L05528PNOD2,1
L02694PAPP0,L05528PNOD2,1
L02694PAPP0,L05528PNOD2,2
L02694PAPP0,L05528PNOD2,34
L02694PAPP0,L05528PNOD2,4
L02694PAPP0,L05528PNOD2,2
L02694PAPP0,L05528PNOD2,1
L02694PAPP0,L05528PNOD2,22
L02694PAPP0,L05528PNOD2,1
L02694PAPP0,L05997PORA0,2
L02694PAPP0,L05997PORA0,17
L02694PAPP0,L05997PORA0,1
L02694PAPP0,L05997PORA0,2
L02694PAPP0,L05997PORA0,3
L02694PAPP0,L05997PORA0,4
L02694PAPP0,L05997PORA0,5
L02694PAPP0,L05997PORA0,23
L02694PAPP0,L05997PORA0,1
L02694PAPP0,L05997PORA0,1
L02694PAPP0,L05997PORA0,2
L02694PAPP0,L05997PORA0,29
L02694PAPP0,L05997PORA0,1
L02694PAPP0,L05997PORA0,10
L02694PAPP0,L05997PORA0,2
L02694PAPP0,NSCL169PFAP,135
L02694PAPP0,NSCL169PFAP,125
L02694PAPP0,NSCL169PFAP,72
L02694PAPP0,NSCL169PFAP,73
L02694PAPP0,W00707PFLE0,207
L02694PAPP0,W00707PFLE0,2
L02694PAPP0,W00707PFLE0,135
L02694PAPP0,W02764PNOD2,1
L02694PAPP0,W02764PNOD2,2
L02694PAPP0,W02764PNOD2,4
L02694PAPP0,W02764PNOD2,1
L02694PAPP0,W02764PNOD2,5
L02694PAPP0,W03095PNOD1,207
L02694PAPP0,W03095PNOD1,133
L02694PAPP0,W03900PMBX0,424
L02694PAPP0,W03900PMBX0,1
L02694PAPP0,W03900PMBX0,246
L02694PAPP0,W03900PMBX0,10
L02694PAPP0,W03900PMBX0,1
L02694PAPP0,W03900PMBX0,1
L02694PAPP0,W03900PMBX0,2
L02694PAPP0,W03900PMBX0,3
L02694PAPP0,W03900PMBX0,36
L02694PAPP0,W05004PNOD1,71
L02694PAPP0,W05004PNOD1,1
L02694PAPP0,W05004PNOD1,5
L02694PAPP0,W05004PNOD1,1
L02694PAPP0,W05004PNOD1,1
L02694PAPP0,W05004PNOD1,45
L02694PAPP0,W05004PNOD1,8
L02694PAPP0,W05686PNOD1,1
L02694PAPP0,W05686PNOD1,1
L02694PAPP0,W05686PNOD1,1
L02694PAPP0,W05686PNOD1,2
L02694PAPP0,W05686PNOD1,1
L02694PAPP0,W05686PNOD1,1
L02701PAPP0,NSCL169PFAP,119
L02701PAPP0,NSCL169PFAP,105
L02701PAPP0,NSCL169PFAP,68
L02701PAPP0,NSCL169PFAP,75
L02701PAPP0,W00707PFLE0,103
L02701PAPP0,W00707PFLE0,78
L02701PAPP0,W00707PFLE0,1
L02701PAPP0,W00707PFLE0,69
L02701PAPP0,W00707PFLE0,1
L02701PAPP0,W00707PFLE0,62
L02701PAPP0,W03095PNOD1,76
L02701PAPP0,W03095PNOD1,98
L02701PAPP0,W03095PNOD1,74
L02701PAPP0,W03095PNOD1,62
L04011PAPP0,W03900PMBX0,2
L04011PAPP0,W03900PMBX0,2
L04011PAPP0,W03900PMBX0,709
L04011PAPP0,W03900PMBX0,1
L04011PAPP0,W03900PMBX0,1
L04011PAPP0,W03900PMBX0,1
L04011PAPP0,W03900PMBX0,3
L04011PAPP0,W03900PMBX0,558
L04011PAPP0,W03900PMBX0,4
L04067PAPP0,W00707PFLE0,213
L04067PAPP0,W00707PFLE0,3
L04067PAPP0,W00707PFLE0,1
L04067PAPP0,W00707PFLE0,135
L04067PAPP0,Weblogic-12-Auto,211
L04067PAPP0,Weblogic-12-Auto,8
L04067PAPP0,Weblogic-12-Auto,3
L04067PAPP0,Weblogic-12-Auto,1
L04067PAPP0,Weblogic-12-Auto,3
L04067PAPP0,Weblogic-12-Auto,131
L04067PAPP0,Weblogic-12-Auto_0000000002,118
L04067PAPP0,Weblogic-12-Auto_0000000002,2
L04067PAPP0,Weblogic-12-Auto_0000000002,3
L04067PAPP0,Weblogic-12-Auto_0000000002,2
L04067PAPP0,Weblogic-12-Auto_0000000002,6
L04067PAPP0,Weblogic-12-Auto_0000000002,110
L04160PAPP0,W02872PAPP0,4
L04160PAPP0,W02872PAPP0,2
L04160PAPP0,W02872PAPP0,8
L05374PORA0,L05528PNOD1,1
L05374PORA0,L05528PNOD1,1
L05374PORA0,L05528PNOD2,1
L05374PORA0,L05528PNOD2,1
L05528PNOD1,L05374PORA0,13
L05528PNOD1,L05374PORA0,502
L05528PNOD1,L05374PORA0,182
L05528PNOD1,L05374PORA0,10
L05528PNOD1,L05374PORA0,541
L05528PNOD1,L05374PORA0,224
L05528PNOD1,L05374PORA0,1
L05528PNOD1,L05528PNOD1,4
L05528PNOD1,L05528PNOD1,10
L05528PNOD1,L05528PNOD1,7
L05528PNOD1,L05528PNOD1,274
L05528PNOD1,L05528PNOD1,274
L05528PNOD1,L05528PNOD1,1
L05528PNOD1,L05528PNOD1,1
L05528PNOD1,L05528PNOD1,45
L05528PNOD1,L05528PNOD1,279
L05528PNOD1,L05528PNOD1,100
L05528PNOD1,L05528PNOD1,435
L05528PNOD1,L05528PNOD1,8
L05528PNOD1,L05528PNOD1,704
L05528PNOD1,L05528PNOD1,274
L05528PNOD1,L05528PNOD1,277
L05528PNOD1,L05528PNOD1,274
L05528PNOD1,L05528PNOD1,1
L05528PNOD1,L05528PNOD1,2
L05528PNOD1,L05528PNOD1,14
L05528PNOD1,L05528PNOD1,24
L05528PNOD1,L05528PNOD1,1
L05528PNOD1,L05528PNOD1,3
L05528PNOD1,L05528PNOD1,1
L05528PNOD1,L05528PNOD1,2
L05528PNOD1,L05528PNOD1,5
L05528PNOD1,L05528PNOD1,2
L05528PNOD1,L05528PNOD1,2
L05528PNOD1,L05528PNOD1,1
L05528PNOD1,L05528PNOD1,2
L05528PNOD1,L05528PNOD1,1
L05528PNOD1,L05528PNOD1,1
L05528PNOD1,L05528PNOD1,1
L05528PNOD1,L05528PNOD1,1
L05528PNOD1,L05528PNOD1,2
L05528PNOD1,L05528PNOD1,1
L05528PNOD1,L05528PNOD1,3
L05528PNOD1,L05528PNOD1,2
L05528PNOD1,L05528PNOD1,1
L05528PNOD1,L05528PNOD1,1
L05528PNOD1,L05528PNOD1,1
L05528PNOD1,L05528PNOD1,1
L05528PNOD1,L05528PNOD1,2
L05528PNOD1,L05528PNOD1,2
L05528PNOD1,L05528PNOD1,1
L05528PNOD1,L05528PNOD1,2
L05528PNOD1,L05528PNOD1,1
L05528PNOD1,L05528PNOD1,2
L05528PNOD1,L05528PNOD1,1
L05528PNOD1,L05528PNOD1,1
L05528PNOD1,L05528PNOD1,1
L05528PNOD1,L05528PNOD1,1
L05528PNOD1,L05528PNOD1,1
L05528PNOD1,L05528PNOD1,1
L05528PNOD1,L05528PNOD1,2
L05528PNOD1,L05528PNOD1,1
L05528PNOD1,L05528PNOD1,156
L05528PNOD1,L05528PNOD1,1
L05528PNOD1,L05528PNOD1,1
L05528PNOD1,L05528PNOD1,427
L05528PNOD1,L05528PNOD1,2
L05528PNOD1,L05528PNOD1,1
L05528PNOD1,L05528PNOD2,6
L05528PNOD1,L05528PNOD2,2
L05528PNOD1,L05528PNOD2,27
L05528PNOD1,L05528PNOD2,4
L05528PNOD1,L05528PNOD2,5
L05528PNOD1,L05528PNOD2,2
L05528PNOD1,L05528PNOD2,3
L05528PNOD1,L05528PNOD2,1
L05528PNOD1,L05528PNOD2,2
L05528PNOD1,L05528PNOD2,2
L05528PNOD1,L05528PNOD2,1
L05528PNOD1,L05528PNOD2,1
L05528PNOD1,L05528PNOD2,1
L05528PNOD1,L05528PNOD2,2
L05528PNOD1,L05528PNOD2,3
L05528PNOD1,L05528PNOD2,2
L05528PNOD1,L05528PNOD2,1
L05528PNOD1,L05528PNOD2,1
L05528PNOD1,L05528PNOD2,1
L05528PNOD1,L05528PNOD2,1
L05528PNOD1,L05528PNOD2,1
L05528PNOD1,L05528PNOD2,1
L05528PNOD1,L05528PNOD2,1
L05528PNOD1,L05528PNOD2,1
L05528PNOD1,L05528PNOD2,1
L05528PNOD1,L05528PNOD2,2
L05528PNOD1,L05528PNOD2,4
L05528PNOD1,L05528PNOD2,1
L05528PNOD1,L05528PNOD2,1
L05528PNOD1,L05528PNOD2,1
L05528PNOD1,L05528PNOD2,1
L05528PNOD1,L05528PNOD2,1
L05528PNOD1,L05528PNOD2,1
L05528PNOD1,L05528PNOD2,1
L05528PNOD1,L05528PNOD2,1
L05528PNOD1,L05528PNOD2,2
L05528PNOD1,L05528PNOD2,2
L05528PNOD1,L05528PNOD2,1
L05528PNOD1,L05528PNOD2,2
L05528PNOD1,L05528PNOD2,1
L05528PNOD1,L05528PNOD2,1
L05528PNOD1,L05528PNOD2,1
L05528PNOD1,L05528PNOD2,1
L05528PNOD1,L05528PNOD2,1
L05528PNOD1,L05528PNOD2,1
L05528PNOD1,L05528PNOD2,3
L05528PNOD1,L05528PNOD2,1
L05528PNOD1,L05528PNOD2,102
L05528PNOD1,L05528PNOD2,137
L05528PNOD1,L05528PNOD2,1
L05528PNOD1,L05528PNOD2,1
L05528PNOD1,L05528PNOD2,102
L05528PNOD1,L05528PNOD2,137
L05528PNOD1,L05528PNOD2,1
L05528PNOD1,L05528PNOD2,102
L05528PNOD1,L05528PNOD2,137
L05528PNOD1,L05528PNOD2,102
L05528PNOD1,L05528PNOD2,137
L05528PNOD1,L05528PNOD2,1
L05528PNOD1,L05528PNOD2,1
L05528PNOD1,L05528PNOD2,1
L05528PNOD1,L05528PNOD2,1
L05528PNOD1,L05528PNOD2,2
L05528PNOD1,W03900PMBX0,9
L05528PNOD1,W03900PMBX0,63
L05528PNOD1,W03900PMBX0,1
L05528PNOD1,W03900PMBX0,16
L05528PNOD1,W03900PMBX0,8
L05528PNOD2,L05374PORA0,31
L05528PNOD2,L05374PORA0,204
L05528PNOD2,L05374PORA0,306
L05528PNOD2,L05374PORA0,1
L05528PNOD2,L05374PORA0,306
L05528PNOD2,L05374PORA0,459
L05528PNOD2,L05374PORA0,1
L05528PNOD2,L05528PNOD1,1
L05528PNOD2,L05528PNOD1,19
L05528PNOD2,L05528PNOD1,12
L05528PNOD2,L05528PNOD1,5
L05528PNOD2,L05528PNOD1,2
L05528PNOD2,L05528PNOD1,1
L05528PNOD2,L05528PNOD1,102
L05528PNOD2,L05528PNOD1,137
L05528PNOD2,L05528PNOD1,1
L05528PNOD2,L05528PNOD1,2
L05528PNOD2,L05528PNOD1,1
L05528PNOD2,L05528PNOD1,102
L05528PNOD2,L05528PNOD1,1
L05528PNOD2,L05528PNOD1,1
L05528PNOD2,L05528PNOD1,1
L05528PNOD2,L05528PNOD1,1
L05528PNOD2,L05528PNOD1,1
L05528PNOD2,L05528PNOD1,2
L05528PNOD2,L05528PNOD1,1
L05528PNOD2,L05528PNOD1,1
L05528PNOD2,L05528PNOD1,4
L05528PNOD2,L05528PNOD1,1
L05528PNOD2,L05528PNOD1,1
L05528PNOD2,L05528PNOD1,14
L05528PNOD2,L05528PNOD1,1
L05528PNOD2,L05528PNOD1,1
L05528PNOD2,L05528PNOD1,1
L05528PNOD2,L05528PNOD1,1
L05528PNOD2,L05528PNOD1,1
L05528PNOD2,L05528PNOD1,1
L05528PNOD2,L05528PNOD1,1
L05528PNOD2,L05528PNOD1,1
L05528PNOD2,L05528PNOD1,1
L05528PNOD2,L05528PNOD1,2
L05528PNOD2,L05528PNOD1,1
L05528PNOD2,L05528PNOD1,1
L05528PNOD2,L05528PNOD1,1
L05528PNOD2,L05528PNOD1,1
L05528PNOD2,L05528PNOD1,1
L05528PNOD2,L05528PNOD1,1
L05528PNOD2,L05528PNOD1,1
L05528PNOD2,L05528PNOD1,1
L05528PNOD2,L05528PNOD1,1
L05528PNOD2,L05528PNOD1,1
L05528PNOD2,L05528PNOD1,1
L05528PNOD2,L05528PNOD1,1
L05528PNOD2,L05528PNOD1,1
L05528PNOD2,L05528PNOD1,137
L05528PNOD2,L05528PNOD1,102
L05528PNOD2,L05528PNOD1,1
L05528PNOD2,L05528PNOD1,2
L05528PNOD2,L05528PNOD1,1
L05528PNOD2,L05528PNOD1,1
L05528PNOD2,L05528PNOD1,2
L05528PNOD2,L05528PNOD1,1
L05528PNOD2,L05528PNOD1,14
L05528PNOD2,L05528PNOD1,510
L05528PNOD2,L05528PNOD1,832
L05528PNOD2,L05528PNOD1,3
L05528PNOD2,L05528PNOD1,1
L05528PNOD2,L05528PNOD1,1
L05528PNOD2,L05528PNOD1,1
L05528PNOD2,L05528PNOD1,3
L05528PNOD2,L05528PNOD1,1
L05528PNOD2,L05528PNOD1,137
L05528PNOD2,L05528PNOD1,2
L05528PNOD2,L05528PNOD1,1
L05528PNOD2,L05528PNOD1,2
L05528PNOD2,L05528PNOD1,107
L05528PNOD2,L05528PNOD1,8
L05528PNOD2,L05528PNOD1,5
L05528PNOD2,L05528PNOD1,2
L05528PNOD2,L05528PNOD2,31
L05528PNOD2,L05528PNOD2,511
L05528PNOD2,L05528PNOD2,306
L05528PNOD2,L05528PNOD2,1
L05528PNOD2,L05528PNOD2,11
L05528PNOD2,L05528PNOD2,102
L05528PNOD2,L05528PNOD2,102
L05528PNOD2,L05528PNOD2,3
L05528PNOD2,L05528PNOD2,8
L05528PNOD2,L05528PNOD2,204
L05528PNOD2,L05528PNOD2,1
L05528PNOD2,L05528PNOD2,6
L05528PNOD2,L05528PNOD2,9
L05528PNOD2,L05528PNOD2,2
L05528PNOD2,L05528PNOD2,4
L05528PNOD2,L05528PNOD2,1
L05528PNOD2,L05528PNOD2,1
L05528PNOD2,L05528PNOD2,1
L05528PNOD2,L05528PNOD2,1
L05528PNOD2,L05528PNOD2,2
L05528PNOD2,L05528PNOD2,1
L05528PNOD2,L05528PNOD2,1
L05528PNOD2,L05528PNOD2,2
L05528PNOD2,L05528PNOD2,1
L05528PNOD2,L05528PNOD2,1
L05528PNOD2,L05528PNOD2,1
L05528PNOD2,L05528PNOD2,1
L05528PNOD2,L05528PNOD2,1
L05528PNOD2,L05528PNOD2,205
L05528PNOD2,L05528PNOD2,204
L05528PNOD2,L05528PNOD2,1
L05528PNOD2,L05528PNOD2,1
L05528PNOD2,L05997PORA0,102
L05528PNOD2,L05997PORA0,198
L05528PNOD2,W03900PMBX0,46
L05528PNOD2,W03900PMBX0,1
L05528PNOD2,W03900PMBX0,7
L05528PNOD2,W03900PMBX0,32
L05528PNOD2,W03900PMBX0,7
L05820PAPP0,L05997PORA0,232
L05820PAPP0,L05997PORA0,3
L05820PAPP0,L05997PORA0,2
L05820PAPP0,L05997PORA0,4
L05820PAPP0,L05997PORA0,1
L05820PAPP0,L05997PORA0,208
L05820PAPP0,L05997PORA0,3
L05820PAPP0,L05997PORA0,1
L05820PAPP0,L05997PORA0,7
L05820PAPP0,L05997PORA0,6
L05820PAPP0,W00707PFLE0,201
L05820PAPP0,W00707PFLE0,135
L05997PORA0,L05998PORA0,198
L05997PORA0,L05998PORA0,792
L05997PORA0,L05998PORA0,11
L05997PORA0,L05998PORA0,198
L05997PORA0,L05998PORA0,214
L05997PORA0,L05998PORA0,1
L05997PORA0,L05998PORA0,214
L05997PORA0,L05998PORA0,856
L05997PORA0,L05998PORA0,1
L05998PORA0,L05997PORA0,2
L05998PORA0,L05997PORA0,1
L05998PORA0,L05997PORA0,1
L06036PAPP0,L05528PNOD1,217
L06036PAPP0,L05528PNOD1,1
L06036PAPP0,L05528PNOD1,1
L06036PAPP0,L05528PNOD1,69
L06036PAPP0,L05528PNOD1,119
L06036PAPP0,L05528PNOD1,2
L06036PAPP0,L05528PNOD1,2
L06036PAPP0,L05528PNOD1,120
L06036PAPP0,L05528PNOD1,1
L06036PAPP0,L05528PNOD1,1
L06036PAPP0,L05528PNOD1,8
L06036PAPP0,L05528PNOD1,1
L06036PAPP0,L05528PNOD1,5
L06036PAPP0,L05528PNOD1,56
L06036PAPP0,L05528PNOD1,74
L06036PAPP0,L05528PNOD1,114
L06036PAPP0,L05528PNOD1,113
L06036PAPP0,L05528PNOD1,1
L06036PAPP0,L05528PNOD1,1
L06036PAPP0,L05528PNOD1,3
L06036PAPP0,L05528PNOD1,1
L06036PAPP0,L05528PNOD1,4
L06036PAPP0,L05528PNOD1,4
L06036PAPP0,L05528PNOD1,1
L06036PAPP0,L05528PNOD2,205
L06036PAPP0,L05528PNOD2,119
L06036PAPP0,L05528PNOD2,1
L06036PAPP0,L05528PNOD2,3
L06036PAPP0,L05528PNOD2,76
L06036PAPP0,L05528PNOD2,2
L06036PAPP0,L05528PNOD2,5
L06036PAPP0,L05528PNOD2,6
L06036PAPP0,L05528PNOD2,1
L06036PAPP0,L05528PNOD2,160
L06036PAPP0,L05528PNOD2,1
L06036PAPP0,L05528PNOD2,6
L06036PAPP0,L05528PNOD2,63
L06036PAPP0,L05528PNOD2,83
L06036PAPP0,L05528PNOD2,103
L06036PAPP0,L05528PNOD2,128
L06036PAPP0,L05528PNOD2,1
L06036PAPP0,L05528PNOD2,3
L06036PAPP0,L05528PNOD2,1
L06036PAPP0,L05528PNOD2,2
L06036PAPP0,L05528PNOD2,1
L06036PAPP0,L05528PNOD2,5
L06036PAPP0,L05528PNOD2,4
L06036PAPP0,W03022PNOD1,78
L06036PAPP0,W03022PNOD1,78
L06036PAPP0,W03022PNOD1,2
L06036PAPP0,W03022PNOD1,78
L06036PAPP0,W03022PNOD1,78
L06036PAPP0,W03022PNOD1,1
Ml-UAT-env,L04011PAPP0,1
NSCL047PMBX,NSCL169PFAP,2
NSCL047PMBX,W00707PFLE0,78
NSCL047PMBX,W00707PFLE0,1
NSCL114DWSS,NSCL169PFAP,2
NSCL114DWSS,W00707PFLE0,2
NSCL114DWSS,W00928PFLE0,1
NSCL114DWSS,W05691PAPP0,2
NSCL114DWSS,W05691PAPP0,1
NSCL114DWSS,W06178PFLE0,1
NSCL115PNMG,NSCL116PNMG,804
NSCL115PNMG,NSCL116PNMG,816
NSCL115PNMG,W05691PAPP0,1
NSCL115PNMG,W05691PAPP0,1
NSCL115PNMG,W06791PAPP0,282
NSCL116PNMG,W06791PAPP0,264
NSCL138PAPP,L05528PNOD1,3
NSCL138PAPP,L05528PNOD1,4
NSCL138PAPP,L05528PNOD1,2
NSCL138PAPP,L05528PNOD1,330
NSCL138PAPP,L05528PNOD1,2
NSCL138PAPP,L05528PNOD1,179
NSCL138PAPP,L05528PNOD1,60
NSCL138PAPP,L05528PNOD1,44
NSCL138PAPP,L05528PNOD1,4
NSCL138PAPP,L05528PNOD1,40
NSCL138PAPP,L05528PNOD1,31
NSCL138PAPP,L05528PNOD1,528
NSCL138PAPP,L05528PNOD1,86
NSCL138PAPP,L05528PNOD1,148
NSCL138PAPP,L05528PNOD1,58
NSCL138PAPP,L05528PNOD1,100
NSCL138PAPP,L05528PNOD1,2
NSCL138PAPP,L05528PNOD1,1
NSCL138PAPP,L05528PNOD2,2
NSCL138PAPP,L05528PNOD2,4
NSCL138PAPP,L05528PNOD2,329
NSCL138PAPP,L05528PNOD2,2
NSCL138PAPP,L05528PNOD2,180
NSCL138PAPP,L05528PNOD2,40
NSCL138PAPP,L05528PNOD2,2
NSCL138PAPP,L05528PNOD2,25
NSCL138PAPP,L05528PNOD2,516
NSCL138PAPP,L05528PNOD2,114
NSCL138PAPP,L05528PNOD2,64
NSCL138PAPP,L05528PNOD2,1
NSCL138PAPP,L05827PAPP0,1
NSCL138PAPP,L05827PAPP0,1
NSCL138PAPP,L06036PAPP0,6
NSCL138PAPP,L06036PAPP0,8
NSCL138PAPP,L06036PAPP0,10
NSCL138PAPP,NSCL169PFAP,2
NSCL138PAPP,W00707PFLE0,10
NSCL138PAPP,W00707PFLE0,8
NSCL138PAPP,W02764PNOD2,6
NSCL138PAPP,W02764PNOD2,254
NSCL138PAPP,W02764PNOD2,74
NSCL138PAPP,W02764PNOD2,211
NSCL138PAPP,W02825PNOD1,1
NSCL138PAPP,W02825PNOD1,1
NSCL138PAPP,W02825PNOD1,1
NSCL138PAPP,W03900PMBX0,4
NSCL138PAPP,W03900PMBX0,1
NSCL138PAPP,W03900PMBX0,6
NSCL138PAPP,W03900PMBX0,6
NSCL138PAPP,W04181PNOD1,77
NSCL138PAPP,W04181PNOD1,6
NSCL138PAPP,W04181PNOD1,43
NSCL139PAPP,L05528PNOD1,3
NSCL139PAPP,L05528PNOD1,2
NSCL139PAPP,L05528PNOD1,2
NSCL139PAPP,L05528PNOD1,259
NSCL139PAPP,L05528PNOD1,1
NSCL139PAPP,L05528PNOD1,133
NSCL139PAPP,L05528PNOD1,78
NSCL139PAPP,L05528PNOD1,65
NSCL139PAPP,L05528PNOD1,3
NSCL139PAPP,L05528PNOD1,28
NSCL139PAPP,L05528PNOD1,11
NSCL139PAPP,L05528PNOD1,460
NSCL139PAPP,L05528PNOD1,70
NSCL139PAPP,L05528PNOD1,102
NSCL139PAPP,L05528PNOD1,34
NSCL139PAPP,L05528PNOD1,48
NSCL139PAPP,L05528PNOD1,1
NSCL139PAPP,L05528PNOD2,1
NSCL139PAPP,L05528PNOD2,4
NSCL139PAPP,L05528PNOD2,294
NSCL139PAPP,L05528PNOD2,4
NSCL139PAPP,L05528PNOD2,158
NSCL139PAPP,L05528PNOD2,58
NSCL139PAPP,L05528PNOD2,3
NSCL139PAPP,L05528PNOD2,43
NSCL139PAPP,L05528PNOD2,606
NSCL139PAPP,L05528PNOD2,132
NSCL139PAPP,L05528PNOD2,78
NSCL139PAPP,L05528PNOD2,2
NSCL139PAPP,L05827PAPP0,1
NSCL139PAPP,L05827PAPP0,1
NSCL139PAPP,L05827PAPP0,2
NSCL139PAPP,L06036PAPP0,2
NSCL139PAPP,L06036PAPP0,5
NSCL139PAPP,L06036PAPP0,7
NSCL139PAPP,NSCL169PFAP,1
NSCL139PAPP,NSCL169PFAP,2
NSCL139PAPP,W00707PFLE0,10
NSCL139PAPP,W00707PFLE0,4
NSCL139PAPP,W02764PNOD2,10
NSCL139PAPP,W02764PNOD2,252
NSCL139PAPP,W02764PNOD2,73
NSCL139PAPP,W02764PNOD2,248
NSCL139PAPP,W02825PNOD1,1
NSCL139PAPP,W02825PNOD1,1
NSCL139PAPP,W02825PNOD1,1
NSCL139PAPP,W03900PMBX0,5
NSCL139PAPP,W03900PMBX0,2
NSCL139PAPP,W03900PMBX0,9
NSCL139PAPP,W03900PMBX0,5
NSCL139PAPP,W04181PNOD1,4
NSCL139PAPP,W04181PNOD1,2
NSCL139PAPP,W04181PNOD1,2
NSCL139PAPP,W05691PAPP0,2
NSCL139PAPP,W06791PAPP0,407
NSCL169PFAP,W00707PFLE0,2
NSCL169PFAP,W00707PFLE0,3
NSCL169PFAP,W06791PAPP0,384
S03018PAPP0,S03019PAPP0,6760
S03018PAPP0,S03019PAPP0,5046
S03018PAPP0,S03019PAPP0,1
S03018PAPP0,S03019PAPP0,5
S03018PAPP0,S03019PAPP0,5046
S03018PAPP0,S03019PAPP0,744
S03018PAPP0,S03019PAPP0,5559
S03018PAPP0,S03019PAPP0,327
S03018PAPP0,S03019PAPP0,6
S03018PAPP0,S03019PAPP0,1
S03018PAPP0,S03019PAPP0,4
S03018PAPP0,S03019PAPP0,7
S03018PAPP0,S03019PAPP0,348
S03018PAPP0,S03019PAPP0,348
S03019PAPP0,S03018PAPP0,8
S03019PAPP0,S03018PAPP0,5394
S03019PAPP0,S03018PAPP0,1
S03019PAPP0,S03018PAPP0,63
S03019PAPP0,S03018PAPP0,93
S03019PAPP0,S03018PAPP0,4922
S03019PAPP0,S03018PAPP0,4650
S03019PAPP0,S03018PAPP0,1392
S03019PAPP0,S03018PAPP0,4560
S03019PAPP0,S03018PAPP0,959
S03019PAPP0,S03018PAPP0,13
S03019PAPP0,S03018PAPP0,18
S03019PAPP0,S03018PAPP0,2
S03019PAPP0,S03018PAPP0,5
S03019PAPP0,S03018PAPP0,558
S03019PAPP0,S03018PAPP0,372
S03019PAPP0,S03018PAPP0,744
S03019PAPP0,S03018PAPP0,1
TEM-VDI-WIN11,NSCL169PFAP,9
TEM-VDI-WIN11,VDI-CL-TI-0024,3
TEM-VDI-WIN11,VDI-CL-TI-0024,4
TEM-VDI-WIN11,VDI-CL-TI-0024,1
TEM-VDI-WIN11,VDI-CL-TI-0024,50
TEM-VDI-WIN11,VDI-CL-TI-0037,25
TEM-VDI-WIN11,VDI-CL-TI-0037,27
TEM-VDI-WIN11,VDI-CL-TI-0037,2
TEM-VDI-WIN11,VDI-CL-TI-0037,5
TEM-VDI-WIN11,VDI-CL-TI-0062,1
TEM-VDI-WIN11,VDI-CL-TI-0062,1
TEM-VDI-WIN11,VDI-CL-TI-0062,7
TEM-VDI-WIN11,W00707PFLE0,9
TEM-VDI-WIN11,W05416PPSC0,1
TEM-VDI-WIN11,W05416PPSC0,1
TEM-VDI-WIN11,W05416PPSC0,8
TEMPBCM-W2K16S,W05416PPSC0,1
TEMPBCM-W2K16S,W05416PPSC0,1
TEMPBCM-W2K16S,W05416PPSC0,1
TEMPLATE-TIT-2K,W05416PPSC0,1
TEMPLATE-TIT-2K,W05416PPSC0,1
TEMPLATE-TIT-2K,W06791PAPP0,166
VDI-CL-TI-0024,TEM-VDI-WIN11,37
VDI-CL-TI-0024,VDI-CL-TI-0037,8
VDI-CL-TI-0024,VDI-CL-TI-0062,2
VDI-CL-TI-0024,W00875DFLE0,111
VDI-CL-TI-0024,W00875DFLE0,112
VDI-CL-TI-0024,W02763PAPP1,11
VDI-CL-TI-0024,W02820DAPP0,5
VDI-CL-TI-0024,W02820DAPP0,134
VDI-CL-TI-0024,W02820DAPP0,175
VDI-CL-TI-0024,W02820DAPP0,1
VDI-CL-TI-0024,W03209DAPP0,1
VDI-CL-TI-0024,W03209DAPP0,1
VDI-CL-TI-0024,W03209DAPP0,5
VDI-CL-TI-0024,W03209DAPP0,134
VDI-CL-TI-0024,W03209DAPP0,207
VDI-CL-TI-0024,W03209DAPP0,2
VDI-CL-TI-0024,W03210DSQL0,1887
VDI-CL-TI-0024,W03210DSQL0,1227
VDI-CL-TI-0024,W03210DSQL0,1
VDI-CL-TI-0024,W03210DSQL0,2
VDI-CL-TI-0024,W03210DSQL0,137
VDI-CL-TI-0024,W03211DSQL0,16
VDI-CL-TI-0024,W03211DSQL0,15
VDI-CL-TI-0024,W03211DSQL0,2
VDI-CL-TI-0024,W03212DAPP0,1
VDI-CL-TI-0024,W03212DAPP0,3
VDI-CL-TI-0024,W03212DAPP0,3
VDI-CL-TI-0024,W03212DAPP0,3
VDI-CL-TI-0024,W03537QSQL0,1
VDI-CL-TI-0024,W03537QSQL0,645
VDI-CL-TI-0024,W03537QSQL0,402
VDI-CL-TI-0024,W03537QSQL0,1
VDI-CL-TI-0024,W03537QSQL0,2
VDI-CL-TI-0024,W03537QSQL0,4
VDI-CL-TI-0024,W03804QAPP0,1
VDI-CL-TI-0024,W03804QAPP0,1
VDI-CL-TI-0024,W03804QAPP0,1
VDI-CL-TI-0024,W03804QAPP0,6
VDI-CL-TI-0024,W03804QAPP0,1
VDI-CL-TI-0024,W05262PAPP0,1
VDI-CL-TI-0024,W05262PAPP0,1
VDI-CL-TI-0024,W05262PAPP0,1
VDI-CL-TI-0024,W05691PAPP0,1
VDI-CL-TI-0024,W05691PAPP0,1
VDI-CL-TI-0024,W05691PAPP0,1
VDI-CL-TI-0024,W05911PCXW0,57
VDI-CL-TI-0024,W05911PCXW0,82
VDI-CL-TI-0024,W05911PCXW0,57
VDI-CL-TI-0024,W05912PCXW0,44
VDI-CL-TI-0024,W05912PCXW0,47
VDI-CL-TI-0024,W05912PCXW0,53
VDI-CL-TI-0024,W06791PAPP0,320
VDI-CL-TI-0037,L05997PORA0,2
VDI-CL-TI-0037,L05997PORA0,1
VDI-CL-TI-0037,NSCL047PMBX,1
VDI-CL-TI-0037,NSCL047PMBX,1
VDI-CL-TI-0037,NSCL047PMBX,1
VDI-CL-TI-0037,NSCL169PFAP,129
VDI-CL-TI-0037,NSCL169PFAP,147
VDI-CL-TI-0037,TEM-VDI-WIN11,6
VDI-CL-TI-0037,TEM-VDI-WIN11,7
VDI-CL-TI-0037,TEM-VDI-WIN11,13
VDI-CL-TI-0037,VDI-CL-TI-0024,1
VDI-CL-TI-0037,VDI-CL-TI-0024,2
VDI-CL-TI-0037,VDI-CL-TI-0062,1
VDI-CL-TI-0037,VDI-CL-TI-0062,12
VDI-CL-TI-0037,W00707PFLE0,147
VDI-CL-TI-0037,W00707PFLE0,76
VDI-CL-TI-0037,W02764PNOD2,16
VDI-CL-TI-0037,W02764PNOD2,16
VDI-CL-TI-0037,W02764PNOD2,1
VDI-CL-TI-0037,W05895PSQL0,1
VDI-CL-TI-0037,W05895PSQL0,2
VDI-CL-TI-0037,W06791PAPP0,397
VDI-CL-TI-0062,TEM-VDI-WIN11,12
VDI-CL-TI-0062,TEM-VDI-WIN11,5
VDI-CL-TI-0062,TEM-VDI-WIN11,1
VDI-CL-TI-0062,TEM-VDI-WIN11,11
VDI-CL-TI-0062,VDI-CL-TI-0024,1
VDI-CL-TI-0062,VDI-CL-TI-0024,2
VDI-CL-TI-0062,VDI-CL-TI-0037,4
VDI-CL-TI-0062,VDI-CL-TI-0037,5
VDI-CL-TI-0062,VDI-CL-TI-0037,1
VDI-CL-TI-0062,VDI-CL-TI-0037,2
VDI-CL-TI-0062,W05262PAPP0,1
VDI-CL-TI-0062,W05912PCXW0,83
VDI-CL-TI-0062,W05912PCXW0,83
VDI-CL-TI-0062,W05912PCXW0,85
VDI-CL-TI-0062,W06791PAPP0,433
W00571PAPP0,BTG,11
W00571PAPP0,BTG,13
W00571PAPP0,EC2-Apache-Prod,1
W00571PAPP0,EC2-Apache-Prod,1
W00571PAPP0,FW_ZONE_B2,1
W00571PAPP0,FW_ZONE_D2,2
W00571PAPP0,L02427PAPP0,3
W00571PAPP0,L02427PAPP0,4
W00571PAPP0,L02633PAPP0,15
W00571PAPP0,L02633PAPP0,16
W00571PAPP0,L02694PAPP0,2
W00571PAPP0,L02694PAPP0,2
W00571PAPP0,L02701PAPP0,2
W00571PAPP0,L02701PAPP0,1
W00571PAPP0,L03074PAPP0,5
W00571PAPP0,L03074PAPP0,7
W00571PAPP0,L03075PAPP0,1
W00571PAPP0,L03075PAPP0,1
W00571PAPP0,L03087PAPP0,3
W00571PAPP0,L03087PAPP0,1
W00571PAPP0,L03331PAPP01,1
W00571PAPP0,L03455PAPP0,2
W00571PAPP0,L03455PAPP0,2
W00571PAPP0,L03456PAPP0,1
W00571PAPP0,L03456PAPP0,2
W00571PAPP0,L04014PAPP0,1
W00571PAPP0,L04014PAPP0,1
W00571PAPP0,L04067PAPP0,2
W00571PAPP0,L04067PAPP0,3
W00571PAPP0,L04134PAPP0,7
W00571PAPP0,L04134PAPP0,10
W00571PAPP0,L04160PAPP0,1
W00571PAPP0,L05113PAPP0,1
W00571PAPP0,L05463PAPP0,5
W00571PAPP0,L05463PAPP0,3
W00571PAPP0,L05526PAPP0,2
W00571PAPP0,L05526PAPP0,3
W00571PAPP0,L05528PNOD1,1
W00571PAPP0,L05528PNOD1,1
W00571PAPP0,L05528PNOD1,2
W00571PAPP0,L05528PNOD1,1
W00571PAPP0,L05528PNOD1,1
W00571PAPP0,L05528PNOD1,2
W00571PAPP0,L05528PNOD1,1
W00571PAPP0,L05528PNOD1,1
W00571PAPP0,L05528PNOD2,1
W00571PAPP0,L05528PNOD2,1
W00571PAPP0,L05528PNOD2,1
W00571PAPP0,L05528PNOD2,1
W00571PAPP0,L05528PNOD2,2
W00571PAPP0,L05528PNOD2,1
W00571PAPP0,L05820PAPP0,2
W00571PAPP0,L05820PAPP0,2
W00571PAPP0,L05827PAPP0,2
W00571PAPP0,L05827PAPP0,1
W00571PAPP0,L05918PAPP0,1
W00571PAPP0,L05918PAPP0,1
W00571PAPP0,L05984PSQL0,2
W00571PAPP0,L05984PSQL0,1
W00571PAPP0,L05997PORA0,1
W00571PAPP0,L05997PORA0,1
W00571PAPP0,L05998PORA0,1
W00571PAPP0,L05998PORA0,1
W00571PAPP0,L06023PAPPO,1
W00571PAPP0,L06036PAPP0,1
W00571PAPP0,L06036PAPP0,1
W00571PAPP0,L06100PAPP0,1
W00571PAPP0,L06284PAPP0,1
W00571PAPP0,L06284PAPP0,1
W00571PAPP0,L06326PAPP0,66
W00571PAPP0,L06326PAPP0,68
W00571PAPP0,L06387PAPP0,1
W00571PAPP0,L06392PAPP0,1
W00571PAPP0,L06514PAPP0,1
W00571PAPP0,L06514PAPP0,1
W00571PAPP0,L06689EAPP0,1
W00571PAPP0,L06780PAPP0,1
W00571PAPP0,NSCL047PMBX,15
W00571PAPP0,NSCL047PMBX,19
W00571PAPP0,NSCL047PMBX,37
W00571PAPP0,NSCL047PMBX,39
W00571PAPP0,NSCL047PMBX,110
W00571PAPP0,NSCL047PMBX,121
W00571PAPP0,NSCL114DWSS,11
W00571PAPP0,NSCL114DWSS,15
W00571PAPP0,NSCL114DWSS,104
W00571PAPP0,NSCL114DWSS,108
W00571PAPP0,NSCL114DWSS,115
W00571PAPP0,NSCL114DWSS,5
W00571PAPP0,NSCL115PNMG,1
W00571PAPP0,NSCL115PNMG,7
W00571PAPP0,NSCL115PNMG,13
W00571PAPP0,NSCL115PNMG,4
W00571PAPP0,NSCL115PNMG,28
W00571PAPP0,NSCL115PNMG,3
W00571PAPP0,NSCL116PNMG,16
W00571PAPP0,NSCL116PNMG,25
W00571PAPP0,NSCL116PNMG,40
W00571PAPP0,NSCL116PNMG,46
W00571PAPP0,NSCL116PNMG,106
W00571PAPP0,NSCL116PNMG,67
W00571PAPP0,NSCL138PAPP,8
W00571PAPP0,NSCL138PAPP,9
W00571PAPP0,NSCL138PAPP,25
W00571PAPP0,NSCL138PAPP,27
W00571PAPP0,NSCL138PAPP,18
W00571PAPP0,NSCL138PAPP,61
W00571PAPP0,NSCL139PAPP,10
W00571PAPP0,NSCL139PAPP,17
W00571PAPP0,NSCL139PAPP,23
W00571PAPP0,NSCL139PAPP,38
W00571PAPP0,NSCL139PAPP,122
W00571PAPP0,NSCL139PAPP,22
W00571PAPP0,NSCL169PFAP,12
W00571PAPP0,NSCL169PFAP,19
W00571PAPP0,NSCL169PFAP,23
W00571PAPP0,NSCL169PFAP,33
W00571PAPP0,NSCL169PFAP,149
W00571PAPP0,NSCL169PFAP,41
W00571PAPP0,S02969PAPP0,2
W00571PAPP0,S02969PAPP0,1
W00571PAPP0,S03018PAPP0,1
W00571PAPP0,S03019PAPP0,1
W00571PAPP0,S03019PAPP0,1
W00571PAPP0,TEM-VDI-WIN11,6
W00571PAPP0,TEM-VDI-WIN11,9
W00571PAPP0,TEM-VDI-WIN11,64
W00571PAPP0,TEM-VDI-WIN11,88
W00571PAPP0,TEM-VDI-WIN11,18
W00571PAPP0,TEM-VDI-WIN11,83
W00571PAPP0,TEMPBCM-W2K16S,12
W00571PAPP0,TEMPBCM-W2K16S,13
W00571PAPP0,TEMPBCM-W2K16S,19
W00571PAPP0,TEMPBCM-W2K16S,23
W00571PAPP0,TEMPBCM-W2K16S,7
W00571PAPP0,TEMPBCM-W2K16S,75
W00571PAPP0,TEMPLATE-TIT-2K,10
W00571PAPP0,TEMPLATE-TIT-2K,11
W00571PAPP0,TEMPLATE-TIT-2K,72
W00571PAPP0,TEMPLATE-TIT-2K,80
W00571PAPP0,TEMPLATE-TIT-2K,4
W00571PAPP0,TEMPLATE-TIT-2K,62
W00571PAPP0,VDI-CL-TI-0024,1
W00571PAPP0,VDI-CL-TI-0024,12
W00571PAPP0,VDI-CL-TI-0024,4
W00571PAPP0,VDI-CL-TI-0024,1
W00571PAPP0,VDI-CL-TI-0024,2
W00571PAPP0,VDI-CL-TI-0037,3
W00571PAPP0,VDI-CL-TI-0037,4
W00571PAPP0,VDI-CL-TI-0037,24
W00571PAPP0,VDI-CL-TI-0037,36
W00571PAPP0,VDI-CL-TI-0037,31
W00571PAPP0,VDI-CL-TI-0037,4
W00571PAPP0,VDI-CL-TI-0062,10
W00571PAPP0,VDI-CL-TI-0062,4
W00571PAPP0,VDI-CL-TI-0062,40
W00571PAPP0,VDI-CL-TI-0062,84
W00571PAPP0,VDI-CL-TI-0062,12
W00571PAPP0,VDI-CL-TI-0062,53
W00571PAPP0,W00707PFLE0,17
W00571PAPP0,W00707PFLE0,20
W00571PAPP0,W00707PFLE0,31
W00571PAPP0,W00707PFLE0,40
W00571PAPP0,W00707PFLE0,136
W00571PAPP0,W00707PFLE0,58
W00571PAPP0,W00708PAPP0,17
W00571PAPP0,W00708PAPP0,27
W00571PAPP0,W00708PAPP0,132
W00571PAPP0,W00708PAPP0,224
W00571PAPP0,W00708PAPP0,191
W00571PAPP0,W00708PAPP0,57
W00571PAPP0,W00875DFLE0,15455
W00571PAPP0,W00875DFLE0,93
W00571PAPP0,W00875DFLE0,72
W00571PAPP0,W00875DFLE0,85
W00571PAPP0,W00928PFLE0,13
W00571PAPP0,W00928PFLE0,21
W00571PAPP0,W00928PFLE0,22
W00571PAPP0,W00928PFLE0,27
W00571PAPP0,W00928PFLE0,31
W00571PAPP0,W00928PFLE0,90
W00571PAPP0,W01345PAPP0,22
W00571PAPP0,W01345PAPP0,27
W00571PAPP0,W01345PAPP0,47
W00571PAPP0,W01345PAPP0,56
W00571PAPP0,W01345PAPP0,161
W00571PAPP0,W01345PAPP0,55
W00571PAPP0,W01605PAPP0,3
W00571PAPP0,W01605PAPP0,5
W00571PAPP0,W01605PAPP0,6
W00571PAPP0,W01605PAPP0,21
W00571PAPP0,W01605PAPP0,5
W00571PAPP0,W01608PNOD1,7
W00571PAPP0,W01608PNOD1,13
W00571PAPP0,W01608PNOD1,10
W00571PAPP0,W01608PNOD1,8
W00571PAPP0,W01608PNOD1,14
W00571PAPP0,W01608PNOD1,40
W00571PAPP0,W01725UAPP0,29
W00571PAPP0,W01725UAPP0,38
W00571PAPP0,W01725UAPP0,53
W00571PAPP0,W01725UAPP0,85
W00571PAPP0,W01725UAPP0,225
W00571PAPP0,W01725UAPP0,33
W00571PAPP0,W02129PAPP0,20
W00571PAPP0,W02129PAPP0,23
W00571PAPP0,W02129PAPP0,39
W00571PAPP0,W02129PAPP0,51
W00571PAPP0,W02129PAPP0,182
W00571PAPP0,W02129PAPP0,67
W00571PAPP0,W02130PAPP0,12
W00571PAPP0,W02130PAPP0,19
W00571PAPP0,W02130PAPP0,26
W00571PAPP0,W02130PAPP0,39
W00571PAPP0,W02130PAPP0,101
W00571PAPP0,W02130PAPP0,145
W00571PAPP0,W02283PAPP0,53
W00571PAPP0,W02283PAPP0,59
W00571PAPP0,W02283PAPP0,108
W00571PAPP0,W02283PAPP0,109
W00571PAPP0,W02283PAPP0,431
W00571PAPP0,W02283PAPP0,5
W00571PAPP0,W02369PAPP0,2
W00571PAPP0,W02369PAPP0,3
W00571PAPP0,W02369PAPP0,5
W00571PAPP0,W02369PAPP0,6
W00571PAPP0,W02369PAPP0,24
W00571PAPP0,W02369PAPP0,6
W00571PAPP0,W02475PAPP0,13
W00571PAPP0,W02475PAPP0,8
W00571PAPP0,W02475PAPP0,24
W00571PAPP0,W02475PAPP0,25
W00571PAPP0,W02475PAPP0,8
W00571PAPP0,W02475PAPP0,88
W00571PAPP0,W02476PAPP0,17
W00571PAPP0,W02476PAPP0,22
W00571PAPP0,W02476PAPP0,34
W00571PAPP0,W02476PAPP0,46
W00571PAPP0,W02476PAPP0,118
W00571PAPP0,W02476PAPP0,9
W00571PAPP0,W02509PAPP0,11
W00571PAPP0,W02509PAPP0,17
W00571PAPP0,W02509PAPP0,112
W00571PAPP0,W02509PAPP0,124
W00571PAPP0,W02509PAPP0,124
W00571PAPP0,W02509PAPP0,48
W00571PAPP0,W02510PAPP1,20
W00571PAPP0,W02510PAPP1,30
W00571PAPP0,W02510PAPP1,33
W00571PAPP0,W02510PAPP1,65
W00571PAPP0,W02510PAPP1,185
W00571PAPP0,W02510PAPP1,46
W00571PAPP0,W02561PAPP0,58
W00571PAPP0,W02561PAPP0,78
W00571PAPP0,W02561PAPP0,65
W00571PAPP0,W02561PAPP0,8
W00571PAPP0,W02561PAPP0,214
W00571PAPP0,W02561PAPP0,61
W00571PAPP0,W02762PAPP2,15842
W00571PAPP0,W02762PAPP2,97
W00571PAPP0,W02762PAPP2,75
W00571PAPP0,W02762PAPP2,84
W00571PAPP0,W02763PAPP1,12
W00571PAPP0,W02763PAPP1,25
W00571PAPP0,W02763PAPP1,16
W00571PAPP0,W02763PAPP1,50
W00571PAPP0,W02763PAPP1,24
W00571PAPP0,W02763PAPP1,95
W00571PAPP0,W02763PAPP2,13
W00571PAPP0,W02763PAPP2,21
W00571PAPP0,W02763PAPP2,28
W00571PAPP0,W02763PAPP2,55
W00571PAPP0,W02763PAPP2,15
W00571PAPP0,W02763PAPP2,156
W00571PAPP0,W02764PNOD2,11
W00571PAPP0,W02764PNOD2,4
W00571PAPP0,W02764PNOD2,6
W00571PAPP0,W02764PNOD2,9
W00571PAPP0,W02764PNOD2,25
W00571PAPP0,W02764PNOD2,31
W00571PAPP0,W02764PNOD2,11
W00571PAPP0,W02764PNOD2,27
W00571PAPP0,W02764PNOD2,90
W00571PAPP0,W02764PNOD2,4
W00571PAPP0,W02764PNOD2,40
W00571PAPP0,W02764PNOD3,11
W00571PAPP0,W02764PNOD3,27
W00571PAPP0,W02764PNOD3,200
W00571PAPP0,W02764PNOD3,92
W00571PAPP0,W02764PNOD3,154
W00571PAPP0,W02764PNOD3,24
W00571PAPP0,W02765PSQL0,25
W00571PAPP0,W02765PSQL0,4185
W00571PAPP0,W02765PSQL0,14
W00571PAPP0,W02765PSQL0,17
W00571PAPP0,W02820DAPP0,12403
W00571PAPP0,W02820DAPP0,90
W00571PAPP0,W02820DAPP0,62
W00571PAPP0,W02820DAPP0,81
W00571PAPP0,W02821DSQL0,101
W00571PAPP0,W02821DSQL0,8922
W00571PAPP0,W02821DSQL0,36
W00571PAPP0,W02821DSQL0,85
W00571PAPP0,W02823PAPP0,11
W00571PAPP0,W02823PAPP0,22
W00571PAPP0,W02823PAPP0,30
W00571PAPP0,W02823PAPP0,50
W00571PAPP0,W02823PAPP0,131
W00571PAPP0,W02823PAPP0,27
W00571PAPP0,W02824PAPP0,19
W00571PAPP0,W02824PAPP0,21
W00571PAPP0,W02824PAPP0,40
W00571PAPP0,W02824PAPP0,46
W00571PAPP0,W02824PAPP0,180
W00571PAPP0,W02824PAPP0,30
W00571PAPP0,W02825PNOD1,19
W00571PAPP0,W02825PNOD1,22
W00571PAPP0,W02825PNOD1,5
W00571PAPP0,W02825PNOD1,47
W00571PAPP0,W02825PNOD1,50
W00571PAPP0,W02825PNOD1,7
W00571PAPP0,W02825PNOD1,9
W00571PAPP0,W02825PNOD1,196
W00571PAPP0,W02825PNOD1,46
W00571PAPP0,W02825PNOD1,1
W00571PAPP0,W02825PNOD1,29
W00571PAPP0,W02825PNOD2,23
W00571PAPP0,W02825PNOD2,25
W00571PAPP0,W02825PNOD2,37
W00571PAPP0,W02825PNOD2,44
W00571PAPP0,W02825PNOD2,134
W00571PAPP0,W02825PNOD2,55
W00571PAPP0,W02856DAPP0,51
W00571PAPP0,W02856DAPP0,5751
W00571PAPP0,W02856DAPP0,21
W00571PAPP0,W02856DAPP0,35
W00571PAPP0,W02857PAPP0,7
W00571PAPP0,W02857PAPP0,8
W00571PAPP0,W02857PAPP0,17
W00571PAPP0,W02857PAPP0,9
W00571PAPP0,W02857PAPP0,17
W00571PAPP0,W02857PAPP0,49
W00571PAPP0,W02894QNOD1,16
W00571PAPP0,W02894QNOD1,21
W00571PAPP0,W02894QNOD1,29
W00571PAPP0,W02894QNOD1,42
W00571PAPP0,W02894QNOD1,160
W00571PAPP0,W02894QNOD1,4
W00571PAPP0,W02894QNOD2,20
W00571PAPP0,W02894QNOD2,22
W00571PAPP0,W02894QNOD2,44
W00571PAPP0,W02894QNOD2,48
W00571PAPP0,W02894QNOD2,10
W00571PAPP0,W02894QNOD2,162
W00571PAPP0,W02894QNOD2,1
W00571PAPP0,W02897UAPP0,13
W00571PAPP0,W02897UAPP0,8
W00571PAPP0,W02897UAPP0,15
W00571PAPP0,W02897UAPP0,39
W00571PAPP0,W02897UAPP0,6
W00571PAPP0,W02897UAPP0,90
W00571PAPP0,W02952QNOD1,10
W00571PAPP0,W02952QNOD1,27
W00571PAPP0,W02952QNOD1,3
W00571PAPP0,W02952QNOD1,62
W00571PAPP0,W02952QNOD1,20
W00571PAPP0,W02952QNOD1,43
W00571PAPP0,W02952QNOD1,4
W00571PAPP0,W02952QNOD1,106
W00571PAPP0,W02952QNOD1,13
W00571PAPP0,W02952QNOD1,98
W00571PAPP0,W02952QNOD1,21
W00571PAPP0,W02952QNOD2,42
W00571PAPP0,W02952QNOD2,46
W00571PAPP0,W02952QNOD2,69
W00571PAPP0,W02952QNOD2,103
W00571PAPP0,W02952QNOD2,199
W00571PAPP0,W02952QNOD2,26
W00571PAPP0,W02952QNOD2,382
W00571PAPP0,W02953QAPP0,37
W00571PAPP0,W02953QAPP0,57
W00571PAPP0,W02953QAPP0,118
W00571PAPP0,W02953QAPP0,97
W00571PAPP0,W02953QAPP0,32
W00571PAPP0,W02953QAPP0,366
W00571PAPP0,W02954QAPP0,37
W00571PAPP0,W02954QAPP0,43
W00571PAPP0,W02954QAPP0,100
W00571PAPP0,W02954QAPP0,95
W00571PAPP0,W02954QAPP0,24
W00571PAPP0,W02954QAPP0,360
W00571PAPP0,W02957EAPP0,1
W00571PAPP0,W02957EAPP0,2
W00571PAPP0,W02957EAPP0,6
W00571PAPP0,W02957EAPP0,7
W00571PAPP0,W02957EAPP0,20
W00571PAPP0,W02957EAPP0,4
W00571PAPP0,W02962PAPP0,16
W00571PAPP0,W02962PAPP0,25
W00571PAPP0,W02962PAPP0,40
W00571PAPP0,W02962PAPP0,44
W00571PAPP0,W02962PAPP0,166
W00571PAPP0,W02962PAPP0,33
W00571PAPP0,W02975PAPP0,1
W00571PAPP0,W02975PAPP0,1
W00571PAPP0,W02975PAPP0,2
W00571PAPP0,W02975PAPP0,2
W00571PAPP0,W02975PAPP0,4
W00571PAPP0,W03022PNOD1,1
W00571PAPP0,W03022PNOD1,1
W00571PAPP0,W03022PNOD1,2
W00571PAPP0,W03022PNOD1,17
W00571PAPP0,W03022PNOD1,2
W00571PAPP0,W03022PNOD2,1
W00571PAPP0,W03022PNOD2,8
W00571PAPP0,W03022PNOD2,17
W00571PAPP0,W03022PNOD2,6
W00571PAPP0,W03022PNOD2,47
W00571PAPP0,W03022PNOD2,6
W00571PAPP0,W03060PAPP0,18
W00571PAPP0,W03060PAPP0,26
W00571PAPP0,W03060PAPP0,33
W00571PAPP0,W03060PAPP0,66
W00571PAPP0,W03060PAPP0,210
W00571PAPP0,W03060PAPP0,40
W00571PAPP0,W03066UAPP0,14
W00571PAPP0,W03066UAPP0,15
W00571PAPP0,W03066UAPP0,22
W00571PAPP0,W03066UAPP0,32
W00571PAPP0,W03066UAPP0,10
W00571PAPP0,W03066UAPP0,143
W00571PAPP0,W03070UAPP0,22
W00571PAPP0,W03070UAPP0,24
W00571PAPP0,W03070UAPP0,56
W00571PAPP0,W03070UAPP0,59
W00571PAPP0,W03070UAPP0,224
W00571PAPP0,W03070UAPP0,9
W00571PAPP0,W03072USQL0,20
W00571PAPP0,W03072USQL0,49
W00571PAPP0,W03072USQL0,39
W00571PAPP0,W03072USQL0,70
W00571PAPP0,W03072USQL0,165
W00571PAPP0,W03072USQL0,3
W00571PAPP0,W03073PNOD1,16
W00571PAPP0,W03073PNOD1,25
W00571PAPP0,W03073PNOD1,28
W00571PAPP0,W03073PNOD1,47
W00571PAPP0,W03073PNOD1,141
W00571PAPP0,W03073PNOD1,36
W00571PAPP0,W03073PNOD2,10
W00571PAPP0,W03073PNOD2,21
W00571PAPP0,W03073PNOD2,22
W00571PAPP0,W03073PNOD2,45
W00571PAPP0,W03073PNOD2,129
W00571PAPP0,W03073PNOD2,27
W00571PAPP0,W03095PNOD1,1
W00571PAPP0,W03095PNOD1,4
W00571PAPP0,W03095PNOD1,5
W00571PAPP0,W03095PNOD1,7
W00571PAPP0,W03095PNOD1,1
W00571PAPP0,W03095PNOD1,15
W00571PAPP0,W03095PNOD1,2
W00571PAPP0,W03095PNOD1,4
W00571PAPP0,W03095PNOD2,26
W00571PAPP0,W03095PNOD2,29
W00571PAPP0,W03095PNOD2,45
W00571PAPP0,W03095PNOD2,57
W00571PAPP0,W03095PNOD2,186
W00571PAPP0,W03095PNOD2,41
W00571PAPP0,W03096PAPP0,16
W00571PAPP0,W03096PAPP0,9
W00571PAPP0,W03096PAPP0,120
W00571PAPP0,W03096PAPP0,136
W00571PAPP0,W03096PAPP0,142
W00571PAPP0,W03096PAPP0,19
W00571PAPP0,W03097PAPP0,11
W00571PAPP0,W03097PAPP0,17
W00571PAPP0,W03097PAPP0,30
W00571PAPP0,W03097PAPP0,50
W00571PAPP0,W03097PAPP0,147
W00571PAPP0,W03097PAPP0,24
W00571PAPP0,W03107QAPP0,50
W00571PAPP0,W03107QAPP0,55
W00571PAPP0,W03107QAPP0,101
W00571PAPP0,W03107QAPP0,94
W00571PAPP0,W03107QAPP0,24
W00571PAPP0,W03107QAPP0,340
W00571PAPP0,W03108QAPP0,35
W00571PAPP0,W03108QAPP0,45
W00571PAPP0,W03108QAPP0,69
W00571PAPP0,W03108QAPP0,94
W00571PAPP0,W03108QAPP0,247
W00571PAPP0,W03108QAPP0,27
W00571PAPP0,W03110QNOD1,21
W00571PAPP0,W03110QNOD1,27
W00571PAPP0,W03110QNOD1,50
W00571PAPP0,W03110QNOD1,53
W00571PAPP0,W03110QNOD1,11
W00571PAPP0,W03110QNOD1,201
W00571PAPP0,W03110QNOD2,17
W00571PAPP0,W03110QNOD2,22
W00571PAPP0,W03110QNOD2,3
W00571PAPP0,W03110QNOD2,5
W00571PAPP0,W03110QNOD2,51
W00571PAPP0,W03110QNOD2,6
W00571PAPP0,W03110QNOD2,9
W00571PAPP0,W03110QNOD2,15
W00571PAPP0,W03110QNOD2,191
W00571PAPP0,W03110QNOD2,2
W00571PAPP0,W03125DAPP0,42
W00571PAPP0,W03125DAPP0,8636
W00571PAPP0,W03125DAPP0,24
W00571PAPP0,W03125DAPP0,41
W00571PAPP0,W03126DSQL0,35
W00571PAPP0,W03126DSQL0,7290
W00571PAPP0,W03126DSQL0,20
W00571PAPP0,W03126DSQL0,39
W00571PAPP0,W03139PAPP0,16
W00571PAPP0,W03139PAPP0,18
W00571PAPP0,W03139PAPP0,28
W00571PAPP0,W03139PAPP0,39
W00571PAPP0,W03139PAPP0,119
W00571PAPP0,W03139PAPP0,25
W00571PAPP0,W03156PNOD1,28
W00571PAPP0,W03156PNOD1,7
W00571PAPP0,W03156PNOD1,13
W00571PAPP0,W03156PNOD1,58
W00571PAPP0,W03156PNOD1,106
W00571PAPP0,W03156PNOD1,41
W00571PAPP0,W03156PNOD2,12
W00571PAPP0,W03156PNOD2,34
W00571PAPP0,W03156PNOD2,36
W00571PAPP0,W03156PNOD2,61
W00571PAPP0,W03156PNOD2,162
W00571PAPP0,W03156PNOD2,37
W00571PAPP0,W03158PAPP0,10
W00571PAPP0,W03158PAPP0,29
W00571PAPP0,W03158PAPP0,14
W00571PAPP0,W03158PAPP0,55
W00571PAPP0,W03158PAPP0,122
W00571PAPP0,W03158PAPP0,21
W00571PAPP0,W03190DAPP0,39
W00571PAPP0,W03190DAPP0,4654
W00571PAPP0,W03190DAPP0,13
W00571PAPP0,W03190DAPP0,39
W00571PAPP0,W03191DNOD1,49
W00571PAPP0,W03191DNOD1,7732
W00571PAPP0,W03191DNOD1,48
W00571PAPP0,W03191DNOD1,52
W00571PAPP0,W03191DNOD2,26971
W00571PAPP0,W03191DNOD2,49
W00571PAPP0,W03191DNOD2,171
W00571PAPP0,W03191DNOD2,30
W00571PAPP0,W03209DAPP0,18
W00571PAPP0,W03209DAPP0,20
W00571PAPP0,W03209DAPP0,45
W00571PAPP0,W03209DAPP0,55
W00571PAPP0,W03209DAPP0,182
W00571PAPP0,W03209DAPP0,5
W00571PAPP0,W03210DSQL0,18
W00571PAPP0,W03210DSQL0,21
W00571PAPP0,W03210DSQL0,164
W00571PAPP0,W03210DSQL0,196
W00571PAPP0,W03210DSQL0,169
W00571PAPP0,W03210DSQL0,8
W00571PAPP0,W03211DSQL0,8987
W00571PAPP0,W03211DSQL0,97
W00571PAPP0,W03211DSQL0,41
W00571PAPP0,W03211DSQL0,86
W00571PAPP0,W03212DAPP0,100
W00571PAPP0,W03212DAPP0,9928
W00571PAPP0,W03212DAPP0,50
W00571PAPP0,W03212DAPP0,90
W00571PAPP0,W03328PSQL0,10
W00571PAPP0,W03328PSQL0,23
W00571PAPP0,W03328PSQL0,132
W00571PAPP0,W03328PSQL0,184
W00571PAPP0,W03328PSQL0,165
W00571PAPP0,W03328PSQL0,33
W00571PAPP0,W03330DAPP0,27
W00571PAPP0,W03330DAPP0,3978
W00571PAPP0,W03330DAPP0,52
W00571PAPP0,W03330DAPP0,76
W00571PAPP0,W03351DAPP0,48
W00571PAPP0,W03351DAPP0,6490
W00571PAPP0,W03351DAPP0,48
W00571PAPP0,W03351DAPP0,60
W00571PAPP0,W03453PNOD1,17
W00571PAPP0,W03453PNOD1,23
W00571PAPP0,W03453PNOD1,46
W00571PAPP0,W03453PNOD1,56
W00571PAPP0,W03453PNOD1,157
W00571PAPP0,W03453PNOD1,42
W00571PAPP0,W03453PNOD2,14
W00571PAPP0,W03453PNOD2,20
W00571PAPP0,W03453PNOD2,43
W00571PAPP0,W03453PNOD2,50
W00571PAPP0,W03453PNOD2,115
W00571PAPP0,W03453PNOD2,22
W00571PAPP0,W03537QSQL0,24
W00571PAPP0,W03537QSQL0,29
W00571PAPP0,W03537QSQL0,204
W00571PAPP0,W03537QSQL0,228
W00571PAPP0,W03537QSQL0,175
W00571PAPP0,W03537QSQL0,5
W00571PAPP0,W03804QAPP0,15
W00571PAPP0,W03804QAPP0,18
W00571PAPP0,W03804QAPP0,140
W00571PAPP0,W03804QAPP0,84
W00571PAPP0,W03804QAPP0,118
W00571PAPP0,W03804QAPP0,4
W00571PAPP0,W03807PAPP0,20
W00571PAPP0,W03807PAPP0,9
W00571PAPP0,W03807PAPP0,188
W00571PAPP0,W03807PAPP0,40
W00571PAPP0,W03807PAPP0,14
W00571PAPP0,W03807PAPP0,94
W00571PAPP0,W03866QNOD1,36
W00571PAPP0,W03866QNOD1,44
W00571PAPP0,W03866QNOD1,1
W00571PAPP0,W03866QNOD1,352
W00571PAPP0,W03866QNOD1,361
W00571PAPP0,W03866QNOD1,4
W00571PAPP0,W03866QNOD1,20
W00571PAPP0,W03866QNOD1,344
W00571PAPP0,W03866QNOD1,5
W00571PAPP0,W03866QNOD2,44
W00571PAPP0,W03866QNOD2,53
W00571PAPP0,W03866QNOD2,361
W00571PAPP0,W03866QNOD2,408
W00571PAPP0,W03866QNOD2,25
W00571PAPP0,W03866QNOD2,381
W00571PAPP0,W03869PNOD1,26
W00571PAPP0,W03869PNOD1,9
W00571PAPP0,W03869PNOD1,212
W00571PAPP0,W03869PNOD1,84
W00571PAPP0,W03869PNOD1,144
W00571PAPP0,W03869PNOD1,67
W00571PAPP0,W03869PNOD2,1
W00571PAPP0,W03869PNOD2,3
W00571PAPP0,W03869PNOD2,1
W00571PAPP0,W03869PNOD2,12
W00571PAPP0,W03869PNOD2,24
W00571PAPP0,W03869PNOD2,4
W00571PAPP0,W03869PNOD2,11
W00571PAPP0,W03869PNOD2,4
W00571PAPP0,W03898PMON0,10
W00571PAPP0,W03898PMON0,17
W00571PAPP0,W03898PMON0,128
W00571PAPP0,W03898PMON0,140
W00571PAPP0,W03898PMON0,119
W00571PAPP0,W03898PMON0,33
W00571PAPP0,W03900PMBX0,4
W00571PAPP0,W03900PMBX0,1
W00571PAPP0,W03900PMBX0,5
W00571PAPP0,W03926PAPP0,20
W00571PAPP0,W03926PAPP0,7
W00571PAPP0,W03926PAPP0,144
W00571PAPP0,W03926PAPP0,44
W00571PAPP0,W03926PAPP0,41
W00571PAPP0,W03926PAPP0,72
W00571PAPP0,W04013PSQL0,13
W00571PAPP0,W04013PSQL0,19
W00571PAPP0,W04013PSQL0,140
W00571PAPP0,W04013PSQL0,196
W00571PAPP0,W04013PSQL0,135
W00571PAPP0,W04013PSQL0,51
W00571PAPP0,W04042QAPP0,15
W00571PAPP0,W04042QAPP0,6
W00571PAPP0,W04042QAPP0,52
W00571PAPP0,W04042QAPP0,76
W00571PAPP0,W04042QAPP0,6
W00571PAPP0,W04042QAPP0,64
W00571PAPP0,W04048QAPP0,1
W00571PAPP0,W04048QAPP0,15
W00571PAPP0,W04048QAPP0,108
W00571PAPP0,W04048QAPP0,20
W00571PAPP0,W04048QAPP0,63
W00571PAPP0,W04048QAPP0,8
W00571PAPP0,W04049PAPP0,1
W00571PAPP0,W04049PAPP0,12
W00571PAPP0,W04049PAPP0,4
W00571PAPP0,W04049PAPP0,2
W00571PAPP0,W04049PAPP0,3
W00571PAPP0,W04050PAPP0,1
W00571PAPP0,W04050PAPP0,16
W00571PAPP0,W04050PAPP0,8
W00571PAPP0,W04050PAPP0,12
W00571PAPP0,W04050PAPP0,4
W00571PAPP0,W04051PAPP0,11
W00571PAPP0,W04051PAPP0,2
W00571PAPP0,W04051PAPP0,156
W00571PAPP0,W04051PAPP0,28
W00571PAPP0,W04051PAPP0,116
W00571PAPP0,W04051PAPP0,33
W00571PAPP0,W04150PSQL0,11
W00571PAPP0,W04150PSQL0,9
W00571PAPP0,W04150PSQL0,120
W00571PAPP0,W04150PSQL0,72
W00571PAPP0,W04150PSQL0,18
W00571PAPP0,W04150PSQL0,88
W00571PAPP0,W04158PAPP0,10
W00571PAPP0,W04158PAPP0,19
W00571PAPP0,W04158PAPP0,23
W00571PAPP0,W04158PAPP0,43
W00571PAPP0,W04158PAPP0,140
W00571PAPP0,W04158PAPP0,21
W00571PAPP0,W04165PAPP0,25
W00571PAPP0,W04165PAPP0,27
W00571PAPP0,W04165PAPP0,208
W00571PAPP0,W04165PAPP0,356
W00571PAPP0,W04165PAPP0,26
W00571PAPP0,W04165PAPP0,262
W00571PAPP0,W04181PNOD1,10
W00571PAPP0,W04181PNOD1,25
W00571PAPP0,W04181PNOD1,212
W00571PAPP0,W04181PNOD1,60
W00571PAPP0,W04181PNOD1,4
W00571PAPP0,W04181PNOD1,178
W00571PAPP0,W04181PNOD1,20
W00571PAPP0,W04181PNOD1,1
W00571PAPP0,W04181PNOD2,14
W00571PAPP0,W04181PNOD2,34
W00571PAPP0,W04181PNOD2,156
W00571PAPP0,W04181PNOD2,240
W00571PAPP0,W04181PNOD2,175
W00571PAPP0,W04181PNOD2,49
W00571PAPP0,W04197PAPP0,14
W00571PAPP0,W04197PAPP0,9
W00571PAPP0,W04197PAPP0,152
W00571PAPP0,W04197PAPP0,88
W00571PAPP0,W04197PAPP0,124
W00571PAPP0,W04197PAPP0,22
W00571PAPP0,W04228QSQL0,21
W00571PAPP0,W04228QSQL0,23
W00571PAPP0,W04228QSQL0,212
W00571PAPP0,W04228QSQL0,244
W00571PAPP0,W04228QSQL0,14
W00571PAPP0,W04228QSQL0,189
W00571PAPP0,W04238QNOD1,24
W00571PAPP0,W04238QNOD1,7
W00571PAPP0,W04238QNOD1,1
W00571PAPP0,W04238QNOD1,200
W00571PAPP0,W04238QNOD1,92
W00571PAPP0,W04238QNOD1,4
W00571PAPP0,W04238QNOD1,154
W00571PAPP0,W04238QNOD1,27
W00571PAPP0,W04238QNOD2,17
W00571PAPP0,W04238QNOD2,23
W00571PAPP0,W04238QNOD2,200
W00571PAPP0,W04238QNOD2,88
W00571PAPP0,W04238QNOD2,147
W00571PAPP0,W04238QNOD2,23
W00571PAPP0,W04251QNOD1,19
W00571PAPP0,W04251QNOD1,43
W00571PAPP0,W04251QNOD1,156
W00571PAPP0,W04251QNOD1,356
W00571PAPP0,W04251QNOD1,210
W00571PAPP0,W04251QNOD1,22
W00571PAPP0,W04251QNOD2,10
W00571PAPP0,W04251QNOD2,16
W00571PAPP0,W04251QNOD2,144
W00571PAPP0,W04251QNOD2,152
W00571PAPP0,W04251QNOD2,12
W00571PAPP0,W04251QNOD2,173
W00571PAPP0,W05004PNOD2,15
W00571PAPP0,W05004PNOD2,33
W00571PAPP0,W05004PNOD2,260
W00571PAPP0,W05004PNOD2,88
W00571PAPP0,W05004PNOD2,171
W00571PAPP0,W05004PNOD2,65
W00571PAPP0,W05010PAPP0,10
W00571PAPP0,W05010PAPP0,21
W00571PAPP0,W05010PAPP0,112
W00571PAPP0,W05010PAPP0,136
W00571PAPP0,W05010PAPP0,108
W00571PAPP0,W05010PAPP0,46
W00571PAPP0,W05011PAPP0,22
W00571PAPP0,W05011PAPP0,7
W00571PAPP0,W05011PAPP0,184
W00571PAPP0,W05011PAPP0,88
W00571PAPP0,W05011PAPP0,103
W00571PAPP0,W05011PAPP0,33
W00571PAPP0,W05012PAPP0,13
W00571PAPP0,W05012PAPP0,22
W00571PAPP0,W05012PAPP0,1
W00571PAPP0,W05012PAPP0,135
W00571PAPP0,W05012PAPP0,47
W00571PAPP0,W05013PAPP0,16
W00571PAPP0,W05013PAPP0,22
W00571PAPP0,W05013PAPP0,168
W00571PAPP0,W05013PAPP0,240
W00571PAPP0,W05013PAPP0,233
W00571PAPP0,W05013PAPP0,33
W00571PAPP0,W05015QAPP0,23
W00571PAPP0,W05015QAPP0,29
W00571PAPP0,W05015QAPP0,1
W00571PAPP0,W05015QAPP0,183
W00571PAPP0,W05015QAPP0,30
W00571PAPP0,W05049PBKP0,13
W00571PAPP0,W05049PBKP0,21
W00571PAPP0,W05049PBKP0,152
W00571PAPP0,W05049PBKP0,176
W00571PAPP0,W05049PBKP0,122
W00571PAPP0,W05049PBKP0,32
W00571PAPP0,W05053PNOD1,2
W00571PAPP0,W05053PNOD1,4
W00571PAPP0,W05053PNOD1,4
W00571PAPP0,W05053PNOD1,56
W00571PAPP0,W05053PNOD1,14
W00571PAPP0,W05053PNOD1,31
W00571PAPP0,W05053PNOD2,15
W00571PAPP0,W05053PNOD2,25
W00571PAPP0,W05053PNOD2,200
W00571PAPP0,W05053PNOD2,76
W00571PAPP0,W05053PNOD2,161
W00571PAPP0,W05053PNOD2,60
W00571PAPP0,W05054PNOD1,25
W00571PAPP0,W05054PNOD1,35
W00571PAPP0,W05054PNOD1,1
W00571PAPP0,W05054PNOD1,204
W00571PAPP0,W05054PNOD1,324
W00571PAPP0,W05054PNOD1,4
W00571PAPP0,W05054PNOD1,196
W00571PAPP0,W05054PNOD1,78
W00571PAPP0,W05054PNOD1,1
W00571PAPP0,W05054PNOD2,19
W00571PAPP0,W05054PNOD2,9
W00571PAPP0,W05054PNOD2,172
W00571PAPP0,W05054PNOD2,176
W00571PAPP0,W05054PNOD2,145
W00571PAPP0,W05054PNOD2,58
W00571PAPP0,W05093QAPP0,14
W00571PAPP0,W05093QAPP0,9
W00571PAPP0,W05093QAPP0,13
W00571PAPP0,W05093QAPP0,34
W00571PAPP0,W05093QAPP0,4
W00571PAPP0,W05093QAPP0,95
W00571PAPP0,W05094QNOD1,12
W00571PAPP0,W05094QNOD1,24
W00571PAPP0,W05094QNOD1,132
W00571PAPP0,W05094QNOD1,156
W00571PAPP0,W05094QNOD1,130
W00571PAPP0,W05094QNOD1,6
W00571PAPP0,W05094QNOD2,12
W00571PAPP0,W05094QNOD2,27
W00571PAPP0,W05094QNOD2,104
W00571PAPP0,W05094QNOD2,160
W00571PAPP0,W05094QNOD2,149
W00571PAPP0,W05094QNOD2,5
W00571PAPP0,W05095QNOD1,12
W00571PAPP0,W05095QNOD1,21
W00571PAPP0,W05095QNOD1,132
W00571PAPP0,W05095QNOD1,144
W00571PAPP0,W05095QNOD1,182
W00571PAPP0,W05095QNOD1,5
W00571PAPP0,W05095QNOD2,16
W00571PAPP0,W05095QNOD2,19
W00571PAPP0,W05095QNOD2,128
W00571PAPP0,W05095QNOD2,212
W00571PAPP0,W05095QNOD2,175
W00571PAPP0,W05095QNOD2,7
W00571PAPP0,W05115PNOD1,16
W00571PAPP0,W05115PNOD1,8
W00571PAPP0,W05115PNOD1,52
W00571PAPP0,W05115PNOD1,80
W00571PAPP0,W05115PNOD1,27
W00571PAPP0,W05115PNOD1,90
W00571PAPP0,W05115PNOD2,34
W00571PAPP0,W05115PNOD2,36
W00571PAPP0,W05115PNOD2,228
W00571PAPP0,W05115PNOD2,256
W00571PAPP0,W05115PNOD2,187
W00571PAPP0,W05115PNOD2,46
W00571PAPP0,W05115PNOD3,10
W00571PAPP0,W05115PNOD3,15
W00571PAPP0,W05115PNOD3,120
W00571PAPP0,W05115PNOD3,72
W00571PAPP0,W05115PNOD3,101
W00571PAPP0,W05115PNOD3,26
W00571PAPP0,W05117PAPP0,3
W00571PAPP0,W05117PAPP0,5
W00571PAPP0,W05117PAPP0,40
W00571PAPP0,W05117PAPP0,56
W00571PAPP0,W05117PAPP0,41
W00571PAPP0,W05117PAPP0,8
W00571PAPP0,W05120QAPP0,20
W00571PAPP0,W05120QAPP0,27
W00571PAPP0,W05120QAPP0,39
W00571PAPP0,W05120QAPP0,48
W00571PAPP0,W05120QAPP0,187
W00571PAPP0,W05120QAPP0,8
W00571PAPP0,W05142PAPP0,10
W00571PAPP0,W05142PAPP0,9
W00571PAPP0,W05142PAPP0,100
W00571PAPP0,W05142PAPP0,72
W00571PAPP0,W05142PAPP0,144
W00571PAPP0,W05142PAPP0,16
W00571PAPP0,W05160PAPP0,16
W00571PAPP0,W05160PAPP0,17
W00571PAPP0,W05160PAPP0,120
W00571PAPP0,W05160PAPP0,152
W00571PAPP0,W05160PAPP0,4
W00571PAPP0,W05160PAPP0,94
W00571PAPP0,W05169PAPP0,12
W00571PAPP0,W05169PAPP0,33
W00571PAPP0,W05169PAPP0,124
W00571PAPP0,W05169PAPP0,204
W00571PAPP0,W05169PAPP0,162
W00571PAPP0,W05169PAPP0,40
W00571PAPP0,W05176PSQL0,15
W00571PAPP0,W05176PSQL0,16
W00571PAPP0,W05176PSQL0,144
W00571PAPP0,W05176PSQL0,216
W00571PAPP0,W05176PSQL0,160
W00571PAPP0,W05176PSQL0,59
W00571PAPP0,W05219PAPP0,17
W00571PAPP0,W05219PAPP0,18
W00571PAPP0,W05219PAPP0,104
W00571PAPP0,W05219PAPP0,176
W00571PAPP0,W05219PAPP0,119
W00571PAPP0,W05219PAPP0,54
W00571PAPP0,W05245QNOD1,13
W00571PAPP0,W05245QNOD1,9
W00571PAPP0,W05245QNOD1,164
W00571PAPP0,W05245QNOD1,88
W00571PAPP0,W05245QNOD1,144
W00571PAPP0,W05245QNOD1,7
W00571PAPP0,W05245QNOD2,17
W00571PAPP0,W05245QNOD2,19
W00571PAPP0,W05245QNOD2,132
W00571PAPP0,W05245QNOD2,168
W00571PAPP0,W05245QNOD2,181
W00571PAPP0,W05245QNOD2,4
W00571PAPP0,W05247PNOD1,15
W00571PAPP0,W05247PNOD1,23
W00571PAPP0,W05247PNOD1,164
W00571PAPP0,W05247PNOD1,220
W00571PAPP0,W05247PNOD1,151
W00571PAPP0,W05247PNOD1,50
W00571PAPP0,W05247PNOD2,12
W00571PAPP0,W05247PNOD2,17
W00571PAPP0,W05247PNOD2,112
W00571PAPP0,W05247PNOD2,60
W00571PAPP0,W05247PNOD2,111
W00571PAPP0,W05247PNOD2,46
W00571PAPP0,W05248QAPP0,6
W00571PAPP0,W05248QAPP0,8
W00571PAPP0,W05248QAPP0,56
W00571PAPP0,W05248QAPP0,92
W00571PAPP0,W05248QAPP0,3
W00571PAPP0,W05248QAPP0,61
W00571PAPP0,W05249QAPP0,18
W00571PAPP0,W05249QAPP0,9
W00571PAPP0,W05249QAPP0,160
W00571PAPP0,W05249QAPP0,176
W00571PAPP0,W05249QAPP0,144
W00571PAPP0,W05249QAPP0,3
W00571PAPP0,W05250PAPP0,21
W00571PAPP0,W05250PAPP0,141
W00571PAPP0,W05250PAPP0,160
W00571PAPP0,W05250PAPP0,156
W00571PAPP0,W05250PAPP0,30
W00571PAPP0,W05251PAPP0,10
W00571PAPP0,W05251PAPP0,2
W00571PAPP0,W05251PAPP0,124
W00571PAPP0,W05251PAPP0,48
W00571PAPP0,W05251PAPP0,26
W00571PAPP0,W05251PAPP0,78
W00571PAPP0,W05262PAPP0,19
W00571PAPP0,W05262PAPP0,22
W00571PAPP0,W05262PAPP0,144
W00571PAPP0,W05262PAPP0,236
W00571PAPP0,W05262PAPP0,167
W00571PAPP0,W05262PAPP0,60
W00571PAPP0,W05263PAPP0,11
W00571PAPP0,W05263PAPP0,25
W00571PAPP0,W05263PAPP0,168
W00571PAPP0,W05263PAPP0,80
W00571PAPP0,W05263PAPP0,116
W00571PAPP0,W05263PAPP0,41
W00571PAPP0,W05359PCXW0,58
W00571PAPP0,W05359PCXW0,66
W00571PAPP0,W05359PCXW0,536
W00571PAPP0,W05359PCXW0,580
W00571PAPP0,W05359PCXW0,152
W00571PAPP0,W05359PCXW0,582
W00571PAPP0,W05360PCXW0,48
W00571PAPP0,W05360PCXW0,73
W00571PAPP0,W05360PCXW0,356
W00571PAPP0,W05360PCXW0,592
W00571PAPP0,W05360PCXW0,193
W00571PAPP0,W05360PCXW0,375
W00571PAPP0,W05416PPSC0,8
W00571PAPP0,W05416PPSC0,9
W00571PAPP0,W05416PPSC0,72
W00571PAPP0,W05416PPSC0,92
W00571PAPP0,W05416PPSC0,26
W00571PAPP0,W05416PPSC0,82
W00571PAPP0,W05427PCXW0,53
W00571PAPP0,W05427PCXW0,74
W00571PAPP0,W05427PCXW0,548
W00571PAPP0,W05427PCXW0,584
W00571PAPP0,W05427PCXW0,568
W00571PAPP0,W05427PCXW0,97
W00571PAPP0,W05461DAPP0,49
W00571PAPP0,W05461DAPP0,5781
W00571PAPP0,W05461DAPP0,148
W00571PAPP0,W05461DAPP0,160
W00571PAPP0,W05462DSQL0,32
W00571PAPP0,W05462DSQL0,5858
W00571PAPP0,W05462DSQL0,116
W00571PAPP0,W05462DSQL0,88
W00571PAPP0,W05580QAPP0,21
W00571PAPP0,W05580QAPP0,8
W00571PAPP0,W05580QAPP0,112
W00571PAPP0,W05580QAPP0,216
W00571PAPP0,W05580QAPP0,153
W00571PAPP0,W05580QAPP0,8
W00571PAPP0,W05581QSQL0,15
W00571PAPP0,W05581QSQL0,21
W00571PAPP0,W05581QSQL0,136
W00571PAPP0,W05581QSQL0,228
W00571PAPP0,W05581QSQL0,171
W00571PAPP0,W05581QSQL0,6
W00571PAPP0,W05639QNOD1,5
W00571PAPP0,W05639QNOD1,9
W00571PAPP0,W05639QNOD1,1
W00571PAPP0,W05639QNOD1,2
W00571PAPP0,W05639QNOD1,40
W00571PAPP0,W05639QNOD1,80
W00571PAPP0,W05639QNOD1,4
W00571PAPP0,W05639QNOD1,8
W00571PAPP0,W05639QNOD1,2
W00571PAPP0,W05639QNOD1,55
W00571PAPP0,W05639QNOD1,1
W00571PAPP0,W05639QNOD2,11
W00571PAPP0,W05639QNOD2,12
W00571PAPP0,W05639QNOD2,108
W00571PAPP0,W05639QNOD2,142
W00571PAPP0,W05639QNOD2,6
W00571PAPP0,W05640QAPP0,25
W00571PAPP0,W05640QAPP0,35
W00571PAPP0,W05640QAPP0,204
W00571PAPP0,W05640QAPP0,224
W00571PAPP0,W05640QAPP0,156
W00571PAPP0,W05640QAPP0,5
W00571PAPP0,W05641QAPP0,26
W00571PAPP0,W05641QAPP0,35
W00571PAPP0,W05641QAPP0,220
W00571PAPP0,W05641QAPP0,224
W00571PAPP0,W05641QAPP0,217
W00571PAPP0,W05641QAPP0,6
W00571PAPP0,W05684PAPP0,13
W00571PAPP0,W05684PAPP0,18
W00571PAPP0,W05684PAPP0,116
W00571PAPP0,W05684PAPP0,168
W00571PAPP0,W05684PAPP0,106
W00571PAPP0,W05684PAPP0,23
W00571PAPP0,W05685PAPP0,12
W00571PAPP0,W05685PAPP0,7
W00571PAPP0,W05685PAPP0,132
W00571PAPP0,W05685PAPP0,56
W00571PAPP0,W05685PAPP0,125
W00571PAPP0,W05685PAPP0,24
W00571PAPP0,W05686PNOD1,10
W00571PAPP0,W05686PNOD1,24
W00571PAPP0,W05686PNOD1,2
W00571PAPP0,W05686PNOD1,124
W00571PAPP0,W05686PNOD1,268
W00571PAPP0,W05686PNOD1,8
W00571PAPP0,W05686PNOD1,161
W00571PAPP0,W05686PNOD1,29
W00571PAPP0,W05686PNOD1,1
W00571PAPP0,W05686PNOD1,2
W00571PAPP0,W05686PNOD2,17
W00571PAPP0,W05686PNOD2,25
W00571PAPP0,W05686PNOD2,156
W00571PAPP0,W05686PNOD2,192
W00571PAPP0,W05686PNOD2,156
W00571PAPP0,W05686PNOD2,40
W00571PAPP0,W05730DAPP0,39
W00571PAPP0,W05730DAPP0,7860
W00571PAPP0,W05730DAPP0,128
W00571PAPP0,W05730DAPP0,56
W00571PAPP0,W05731DSQL0,4742
W00571PAPP0,W05731DSQL0,49
W00571PAPP0,W05731DSQL0,140
W00571PAPP0,W05731DSQL0,184
W00571PAPP0,W05780QAPP0,28
W00571PAPP0,W05780QAPP0,29
W00571PAPP0,W05780QAPP0,264
W00571PAPP0,W05780QAPP0,352
W00571PAPP0,W05780QAPP0,15
W00571PAPP0,W05780QAPP0,299
W00571PAPP0,W05781PAPP0,13
W00571PAPP0,W05781PAPP0,14
W00571PAPP0,W05781PAPP0,124
W00571PAPP0,W05781PAPP0,132
W00571PAPP0,W05781PAPP0,15
W00571PAPP0,W05781PAPP0,93
W00571PAPP0,W05782PAPP0,10
W00571PAPP0,W05782PAPP0,14
W00571PAPP0,W05782PAPP0,72
W00571PAPP0,W05782PAPP0,96
W00571PAPP0,W05782PAPP0,13
W00571PAPP0,W05782PAPP0,83
W00571PAPP0,W05815QAPP0,19
W00571PAPP0,W05815QAPP0,26
W00571PAPP0,W05815QAPP0,140
W00571PAPP0,W05815QAPP0,220
W00571PAPP0,W05815QAPP0,10
W00571PAPP0,W05815QAPP0,173
W00571PAPP0,W05816QSQL0,11
W00571PAPP0,W05816QSQL0,12
W00571PAPP0,W05816QSQL0,108
W00571PAPP0,W05816QSQL0,220
W00571PAPP0,W05816QSQL0,151
W00571PAPP0,W05816QSQL0,8
W00571PAPP0,W05859QAPP0,90
W00571PAPP0,W05859QAPP0,89
W00571PAPP0,W05871PAPP0,25
W00571PAPP0,W05871PAPP0,26
W00571PAPP0,W05871PAPP0,204
W00571PAPP0,W05871PAPP0,212
W00571PAPP0,W05871PAPP0,199
W00571PAPP0,W05871PAPP0,52
W00571PAPP0,W05888QAPP0,19
W00571PAPP0,W05888QAPP0,26
W00571PAPP0,W05888QAPP0,168
W00571PAPP0,W05888QAPP0,236
W00571PAPP0,W05888QAPP0,180
W00571PAPP0,W05888QAPP0,4
W00571PAPP0,W05889QAPP0,25
W00571PAPP0,W05889QAPP0,30
W00571PAPP0,W05889QAPP0,204
W00571PAPP0,W05889QAPP0,228
W00571PAPP0,W05889QAPP0,10
W00571PAPP0,W05889QAPP0,156
W00571PAPP0,W05892QAPP0,23
W00571PAPP0,W05892QAPP0,25
W00571PAPP0,W05892QAPP0,188
W00571PAPP0,W05892QAPP0,244
W00571PAPP0,W05892QAPP0,13
W00571PAPP0,W05892QAPP0,147
W00571PAPP0,W05895PSQL0,13
W00571PAPP0,W05895PSQL0,21
W00571PAPP0,W05895PSQL0,112
W00571PAPP0,W05895PSQL0,212
W00571PAPP0,W05895PSQL0,177
W00571PAPP0,W05895PSQL0,23
W00571PAPP0,W05911PCXW0,41
W00571PAPP0,W05911PCXW0,55
W00571PAPP0,W05911PCXW0,424
W00571PAPP0,W05911PCXW0,480
W00571PAPP0,W05911PCXW0,442
W00571PAPP0,W05911PCXW0,70
W00571PAPP0,W05912PCXW0,44
W00571PAPP0,W05912PCXW0,52
W00571PAPP0,W05912PCXW0,456
W00571PAPP0,W05912PCXW0,460
W00571PAPP0,W05912PCXW0,25
W00571PAPP0,W05912PCXW0,460
W00571PAPP0,W05917DSQL0,57
W00571PAPP0,W05917DSQL0,9257
W00571PAPP0,W05917DSQL0,144
W00571PAPP0,W05917DSQL0,164
W00571PAPP0,W05934QAPP0,5
W00571PAPP0,W05934QAPP0,7
W00571PAPP0,W05934QAPP0,32
W00571PAPP0,W05934QAPP0,36
W00571PAPP0,W05934QAPP0,32
W00571PAPP0,W05934QAPP0,4
W00571PAPP0,W05935PAPP0,12
W00571PAPP0,W05935PAPP0,25
W00571PAPP0,W05935PAPP0,108
W00571PAPP0,W05935PAPP0,184
W00571PAPP0,W05935PAPP0,153
W00571PAPP0,W05935PAPP0,32
W00571PAPP0,W05986PAPP0,12
W00571PAPP0,W05986PAPP0,14
W00571PAPP0,W05986PAPP0,140
W00571PAPP0,W05986PAPP0,156
W00571PAPP0,W05986PAPP0,139
W00571PAPP0,W05986PAPP0,15
W00571PAPP0,W06064QAPP0,11
W00571PAPP0,W06064QAPP0,17
W00571PAPP0,W06064QAPP0,29
W00571PAPP0,W06064QAPP0,33
W00571PAPP0,W06064QAPP0,170
W00571PAPP0,W06064QAPP0,9
W00571PAPP0,W06065QAPP0,10
W00571PAPP0,W06065QAPP0,14
W00571PAPP0,W06065QAPP0,36
W00571PAPP0,W06065QAPP0,40
W00571PAPP0,W06065QAPP0,10
W00571PAPP0,W06065QAPP0,182
W00571PAPP0,W06178PFLE0,16
W00571PAPP0,W06178PFLE0,20
W00571PAPP0,W06178PFLE0,152
W00571PAPP0,W06178PFLE0,160
W00571PAPP0,W06178PFLE0,164
W00571PAPP0,W06178PFLE0,41
W00571PAPP0,W06254QAPP0,18
W00571PAPP0,W06254QAPP0,9
W00571PAPP0,W06254QAPP0,124
W00571PAPP0,W06254QAPP0,177
W00571PAPP0,W06254QAPP0,159
W00571PAPP0,W06254QAPP0,5
W00571PAPP0,W06255QSQL0,11
W00571PAPP0,W06255QSQL0,20
W00571PAPP0,W06255QSQL0,176
W00571PAPP0,W06255QSQL0,76
W00571PAPP0,W06255QSQL0,10
W00571PAPP0,W06255QSQL0,118
W00571PAPP0,W06297QNOD1,20
W00571PAPP0,W06297QNOD1,23
W00571PAPP0,W06297QNOD1,116
W00571PAPP0,W06297QNOD1,176
W00571PAPP0,W06297QNOD1,155
W00571PAPP0,W06297QNOD1,4
W00571PAPP0,W06297QNOD2,14
W00571PAPP0,W06297QNOD2,4
W00571PAPP0,W06297QNOD2,116
W00571PAPP0,W06297QNOD2,52
W00571PAPP0,W06297QNOD2,108
W00571PAPP0,W06297QNOD2,5
W00571PAPP0,W06307PSQL0,15
W00571PAPP0,W06307PSQL0,16
W00571PAPP0,W06307PSQL0,136
W00571PAPP0,W06307PSQL0,148
W00571PAPP0,W06307PSQL0,137
W00571PAPP0,W06307PSQL0,24
W00571PAPP0,W06353PCXW0,10
W00571PAPP0,W06353PCXW0,15
W00571PAPP0,W06353PCXW0,140
W00571PAPP0,W06353PCXW0,172
W00571PAPP0,W06353PCXW0,135
W00571PAPP0,W06353PCXW0,27
W00571PAPP0,W06423QSQL0,18
W00571PAPP0,W06423QSQL0,148
W00571PAPP0,W06423QSQL0,192
W00571PAPP0,W06423QSQL0,166
W00571PAPP0,W06423QSQL0,7
W00571PAPP0,W06445PNCE0,16
W00571PAPP0,W06445PNCE0,4
W00571PAPP0,W06445PNCE0,148
W00571PAPP0,W06445PNCE0,36
W00571PAPP0,W06445PNCE0,126
W00571PAPP0,W06445PNCE0,14
W00571PAPP0,W06448PSQL0,13
W00571PAPP0,W06448PSQL0,108
W00571PAPP0,W06448PSQL0,140
W00571PAPP0,W06448PSQL0,118
W00571PAPP0,W06448PSQL0,9
W00571PAPP0,W06449PNCE0,17
W00571PAPP0,W06449PNCE0,21
W00571PAPP0,W06449PNCE0,160
W00571PAPP0,W06449PNCE0,164
W00571PAPP0,W06449PNCE0,147
W00571PAPP0,W06449PNCE0,15
W00571PAPP0,W06450PNCE0,11
W00571PAPP0,W06450PNCE0,23
W00571PAPP0,W06450PNCE0,172
W00571PAPP0,W06450PNCE0,52
W00571PAPP0,W06450PNCE0,128
W00571PAPP0,W06450PNCE0,28
W00571PAPP0,W06451PNCE0,12
W00571PAPP0,W06451PNCE0,25
W00571PAPP0,W06451PNCE0,100
W00571PAPP0,W06451PNCE0,192
W00571PAPP0,W06451PNCE0,14
W00571PAPP0,W06451PNCE0,82
W00571PAPP0,W06532PAPP0,16
W00571PAPP0,W06532PAPP0,8
W00571PAPP0,W06532PAPP0,120
W00571PAPP0,W06532PAPP0,180
W00571PAPP0,W06532PAPP0,155
W00571PAPP0,W06532PAPP0,21
W00571PAPP0,W06545PNOD1,10
W00571PAPP0,W06545PNOD1,18
W00571PAPP0,W06545PNOD1,37
W00571PAPP0,W06545PNOD1,71
W00571PAPP0,W06545PNOD1,3
W00571PAPP0,W06545PNOD1,8
W00571PAPP0,W06545PNOD1,100
W00571PAPP0,W06545PNOD1,220
W00571PAPP0,W06545PNOD1,356
W00571PAPP0,W06545PNOD1,628
W00571PAPP0,W06545PNOD1,20
W00571PAPP0,W06545PNOD1,60
W00571PAPP0,W06545PNOD1,162
W00571PAPP0,W06545PNOD1,8
W00571PAPP0,W06545PNOD1,15
W00571PAPP0,W06545PNOD1,545
W00571PAPP0,W06545PNOD1,1
W00571PAPP0,W06545PNOD1,56
W00571PAPP0,W06545PNOD2,10
W00571PAPP0,W06545PNOD2,20
W00571PAPP0,W06545PNOD2,152
W00571PAPP0,W06545PNOD2,64
W00571PAPP0,W06545PNOD2,15
W00571PAPP0,W06545PNOD2,84
W00571PAPP0,W06559PAPP0,25
W00571PAPP0,W06559PAPP0,7
W00571PAPP0,W06559PAPP0,204
W00571PAPP0,W06559PAPP0,68
W00571PAPP0,W06559PAPP0,56
W00571PAPP0,W06559PAPP0,92
W00571PAPP0,W06625QAPP0,22
W00571PAPP0,W06625QAPP0,27
W00571PAPP0,W06625QAPP0,188
W00571PAPP0,W06625QAPP0,208
W00571PAPP0,W06625QAPP0,148
W00571PAPP0,W06625QAPP0,4
W00571PAPP0,W06626QAPP0,11
W00571PAPP0,W06626QAPP0,19
W00571PAPP0,W06626QAPP0,148
W00571PAPP0,W06626QAPP0,196
W00571PAPP0,W06626QAPP0,5
W00571PAPP0,W06627QNOD1,23
W00571PAPP0,W06627QNOD1,32
W00571PAPP0,W06627QNOD1,204
W00571PAPP0,W06627QNOD1,236
W00571PAPP0,W06627QNOD1,174
W00571PAPP0,W06627QNOD1,4
W00571PAPP0,W06627QNOD2,34
W00571PAPP0,W06627QNOD2,35
W00571PAPP0,W06627QNOD2,1
W00571PAPP0,W06627QNOD2,181
W00571PAPP0,W06627QNOD2,304
W00571PAPP0,W06627QNOD2,4
W00571PAPP0,W06627QNOD2,171
W00571PAPP0,W06627QNOD2,4
W00571PAPP0,W06627QNOD2,1
W00571PAPP0,W06627QNOD2,3
W00571PAPP0,W06682EAPP0,11
W00571PAPP0,W06682EAPP0,28
W00571PAPP0,W06682EAPP0,164
W00571PAPP0,W06682EAPP0,188
W00571PAPP0,W06682EAPP0,165
W00571PAPP0,W06682EAPP0,42
W00571PAPP0,W06761PSQL0,20
W00571PAPP0,W06761PSQL0,21
W00571PAPP0,W06761PSQL0,152
W00571PAPP0,W06761PSQL0,168
W00571PAPP0,W06761PSQL0,13
W00571PAPP0,W06761PSQL0,168
W00571PAPP0,W06779QAPP0,26
W00571PAPP0,W06779QAPP0,39
W00571PAPP0,W06779QAPP0,204
W00571PAPP0,W06779QAPP0,268
W00571PAPP0,W06779QAPP0,221
W00571PAPP0,W06779QAPP0,4
W00571PAPP0,W06791PAPP0,17
W00571PAPP0,W06791PAPP0,208
W00571PAPP0,W06791PAPP0,148
W00571PAPP0,Weblogic-12-Auto,1
W00571PAPP0,Weblogic-12-Auto,2
W00571PAPP0,Weblogic-12-Auto_0000000002,1
W00571PAPP0,WP-BTGChile-L2023_0000000003,13
W00571PAPP0,WP-BTGChile-L2023_0000000003,13
W00572PAPP0,BTG,6
W00572PAPP0,BTG,19
W00572PAPP0,EC2-Apache-Prod,1
W00572PAPP0,FW_ZONE_B2,1
W00572PAPP0,FW_ZONE_B2,2
W00572PAPP0,FW_ZONE_D2,2
W00572PAPP0,L02427PAPP0,1
W00572PAPP0,L02427PAPP0,3
W00572PAPP0,L02633PAPP0,12
W00572PAPP0,L02633PAPP0,27
W00572PAPP0,L02694PAPP0,1
W00572PAPP0,L02694PAPP0,3
W00572PAPP0,L02701PAPP0,3
W00572PAPP0,L02701PAPP0,4
W00572PAPP0,L03021PAPP0,1
W00572PAPP0,L03074PAPP0,4
W00572PAPP0,L03074PAPP0,7
W00572PAPP0,L03075PAPP0,1
W00572PAPP0,L03087PAPP0,2
W00572PAPP0,L03087PAPP0,2
W00572PAPP0,L03331PAPP01,1
W00572PAPP0,L03331PAPP01,1
W00572PAPP0,L03455PAPP0,2
W00572PAPP0,L03455PAPP0,5
W00572PAPP0,L03456PAPP0,2
W00572PAPP0,L03456PAPP0,1
W00572PAPP0,L04014PAPP0,1
W00572PAPP0,L04014PAPP0,2
W00572PAPP0,L04067PAPP0,3
W00572PAPP0,L04067PAPP0,6
W00572PAPP0,L04134PAPP0,6
W00572PAPP0,L04134PAPP0,10
W00572PAPP0,L04160PAPP0,1
W00572PAPP0,L05112PAPP0,1
W00572PAPP0,L05112PAPP0,1
W00572PAPP0,L05113PAPP0,1
W00572PAPP0,L05113PAPP0,1
W00572PAPP0,L05374PORA0,1
W00572PAPP0,L05374PORA0,1
W00572PAPP0,L05463PAPP0,1
W00572PAPP0,L05463PAPP0,8
W00572PAPP0,L05526PAPP0,1
W00572PAPP0,L05526PAPP0,2
W00572PAPP0,L05528PNOD1,1
W00572PAPP0,L05528PNOD1,2
W00572PAPP0,L05528PNOD1,1
W00572PAPP0,L05528PNOD1,2
W00572PAPP0,L05528PNOD1,2
W00572PAPP0,L05528PNOD1,1
W00572PAPP0,L05528PNOD1,1
W00572PAPP0,L05528PNOD1,1
W00572PAPP0,L05528PNOD2,2
W00572PAPP0,L05528PNOD2,2
W00572PAPP0,L05528PNOD2,1
W00572PAPP0,L05528PNOD2,2
W00572PAPP0,L05528PNOD2,2
W00572PAPP0,L05528PNOD2,1
W00572PAPP0,L05820PAPP0,1
W00572PAPP0,L05820PAPP0,2
W00572PAPP0,L05827PAPP0,1
W00572PAPP0,L05827PAPP0,3
W00572PAPP0,L05918PAPP0,1
W00572PAPP0,L05918PAPP0,1
W00572PAPP0,L05984PSQL0,1
W00572PAPP0,L05984PSQL0,1
W00572PAPP0,L05997PORA0,1
W00572PAPP0,L05997PORA0,2
W00572PAPP0,L05998PORA0,2
W00572PAPP0,L05998PORA0,1
W00572PAPP0,L06023PAPPO,1
W00572PAPP0,L06036PAPP0,2
W00572PAPP0,L06036PAPP0,1
W00572PAPP0,L06100PAPP0,2
W00572PAPP0,L06100PAPP0,1
W00572PAPP0,L06284PAPP0,1
W00572PAPP0,L06284PAPP0,1
W00572PAPP0,L06326PAPP0,61
W00572PAPP0,L06326PAPP0,123
W00572PAPP0,L06387PAPP0,1
W00572PAPP0,L06392PAPP0,1
W00572PAPP0,L06514PAPP0,1
W00572PAPP0,L06514PAPP0,1
W00572PAPP0,L06689EAPP0,1
W00572PAPP0,L06780PAPP0,1
W00572PAPP0,NSCL047PMBX,19
W00572PAPP0,NSCL047PMBX,21
W00572PAPP0,NSCL047PMBX,36
W00572PAPP0,NSCL047PMBX,41
W00572PAPP0,NSCL047PMBX,103
W00572PAPP0,NSCL047PMBX,116
W00572PAPP0,NSCL114DWSS,15
W00572PAPP0,NSCL114DWSS,17
W00572PAPP0,NSCL114DWSS,22
W00572PAPP0,NSCL114DWSS,31
W00572PAPP0,NSCL114DWSS,108
W00572PAPP0,NSCL114DWSS,4
W00572PAPP0,NSCL115PNMG,4
W00572PAPP0,NSCL115PNMG,6
W00572PAPP0,NSCL115PNMG,7
W00572PAPP0,NSCL115PNMG,9
W00572PAPP0,NSCL115PNMG,30
W00572PAPP0,NSCL115PNMG,8
W00572PAPP0,NSCL116PNMG,19
W00572PAPP0,NSCL116PNMG,22
W00572PAPP0,NSCL116PNMG,41
W00572PAPP0,NSCL116PNMG,43
W00572PAPP0,NSCL116PNMG,109
W00572PAPP0,NSCL116PNMG,60
W00572PAPP0,NSCL138PAPP,6
W00572PAPP0,NSCL138PAPP,8
W00572PAPP0,NSCL138PAPP,21
W00572PAPP0,NSCL138PAPP,22
W00572PAPP0,NSCL138PAPP,14
W00572PAPP0,NSCL138PAPP,56
W00572PAPP0,NSCL139PAPP,11
W00572PAPP0,NSCL139PAPP,14
W00572PAPP0,NSCL139PAPP,25
W00572PAPP0,NSCL139PAPP,37
W00572PAPP0,NSCL139PAPP,121
W00572PAPP0,NSCL139PAPP,15
W00572PAPP0,NSCL169PFAP,17
W00572PAPP0,NSCL169PFAP,9
W00572PAPP0,NSCL169PFAP,21
W00572PAPP0,NSCL169PFAP,46
W00572PAPP0,NSCL169PFAP,142
W00572PAPP0,NSCL169PFAP,34
W00572PAPP0,S02969PAPP0,1
W00572PAPP0,S02969PAPP0,4
W00572PAPP0,S03018PAPP0,1
W00572PAPP0,S03019PAPP0,1
W00572PAPP0,S03019PAPP0,1
W00572PAPP0,TEM-VDI-WIN11,10
W00572PAPP0,TEM-VDI-WIN11,6
W00572PAPP0,TEM-VDI-WIN11,15
W00572PAPP0,TEM-VDI-WIN11,21
W00572PAPP0,TEM-VDI-WIN11,17
W00572PAPP0,TEM-VDI-WIN11,71
W00572PAPP0,TEMPBCM-W2K16S,12
W00572PAPP0,TEMPBCM-W2K16S,9
W00572PAPP0,TEMPBCM-W2K16S,25
W00572PAPP0,TEMPBCM-W2K16S,26
W00572PAPP0,TEMPBCM-W2K16S,15
W00572PAPP0,TEMPBCM-W2K16S,77
W00572PAPP0,TEMPLATE-TIT-2K,11
W00572PAPP0,TEMPLATE-TIT-2K,4
W00572PAPP0,TEMPLATE-TIT-2K,11
W00572PAPP0,TEMPLATE-TIT-2K,16
W00572PAPP0,TEMPLATE-TIT-2K,13
W00572PAPP0,TEMPLATE-TIT-2K,58
W00572PAPP0,VDI-CL-TI-0024,1
W00572PAPP0,VDI-CL-TI-0024,1
W00572PAPP0,VDI-CL-TI-0024,2
W00572PAPP0,VDI-CL-TI-0024,3
W00572PAPP0,VDI-CL-TI-0037,4
W00572PAPP0,VDI-CL-TI-0037,6
W00572PAPP0,VDI-CL-TI-0037,11
W00572PAPP0,VDI-CL-TI-0037,9
W00572PAPP0,VDI-CL-TI-0037,34
W00572PAPP0,VDI-CL-TI-0037,8
W00572PAPP0,VDI-CL-TI-0062,1
W00572PAPP0,VDI-CL-TI-0062,8
W00572PAPP0,VDI-CL-TI-0062,14
W00572PAPP0,VDI-CL-TI-0062,5
W00572PAPP0,VDI-CL-TI-0062,42
W00572PAPP0,VDI-CL-TI-0062,6
W00572PAPP0,W00571PAPP0,12
W00572PAPP0,W00571PAPP0,6
W00572PAPP0,W00571PAPP0,4
W00572PAPP0,W00571PAPP0,4
W00572PAPP0,W00571PAPP0,6
W00572PAPP0,W00571PAPP0,4
W00572PAPP0,W00571PAPP0,3
W00572PAPP0,W00571PAPP0,6
W00572PAPP0,W00707PFLE0,20
W00572PAPP0,W00707PFLE0,9
W00572PAPP0,W00707PFLE0,23
W00572PAPP0,W00707PFLE0,47
W00572PAPP0,W00707PFLE0,130
W00572PAPP0,W00707PFLE0,31
W00572PAPP0,W00708PAPP0,15
W00572PAPP0,W00708PAPP0,18
W00572PAPP0,W00708PAPP0,31
W00572PAPP0,W00708PAPP0,33
W00572PAPP0,W00708PAPP0,181
W00572PAPP0,W00708PAPP0,59
W00572PAPP0,W00875DFLE0,14521
W00572PAPP0,W00875DFLE0,59
W00572PAPP0,W00875DFLE0,51
W00572PAPP0,W00875DFLE0,79
W00572PAPP0,W00875DFLE0,2
W00572PAPP0,W00928PFLE0,17
W00572PAPP0,W00928PFLE0,4
W00572PAPP0,W00928PFLE0,11
W00572PAPP0,W00928PFLE0,34
W00572PAPP0,W00928PFLE0,23
W00572PAPP0,W00928PFLE0,98
W00572PAPP0,W01345PAPP0,20
W00572PAPP0,W01345PAPP0,30
W00572PAPP0,W01345PAPP0,35
W00572PAPP0,W01345PAPP0,49
W00572PAPP0,W01345PAPP0,165
W00572PAPP0,W01345PAPP0,44
W00572PAPP0,W01605PAPP0,1
W00572PAPP0,W01605PAPP0,3
W00572PAPP0,W01605PAPP0,2
W00572PAPP0,W01605PAPP0,5
W00572PAPP0,W01605PAPP0,17
W00572PAPP0,W01605PAPP0,2
W00572PAPP0,W01608PNOD1,5
W00572PAPP0,W01608PNOD1,10
W00572PAPP0,W01608PNOD1,6
W00572PAPP0,W01608PNOD1,8
W00572PAPP0,W01608PNOD1,41
W00572PAPP0,W01608PNOD1,7
W00572PAPP0,W01725UAPP0,25
W00572PAPP0,W01725UAPP0,28
W00572PAPP0,W01725UAPP0,59
W00572PAPP0,W01725UAPP0,64
W00572PAPP0,W01725UAPP0,216
W00572PAPP0,W01725UAPP0,22
W00572PAPP0,W02129PAPP0,23
W00572PAPP0,W02129PAPP0,25
W00572PAPP0,W02129PAPP0,36
W00572PAPP0,W02129PAPP0,38
W00572PAPP0,W02129PAPP0,182
W00572PAPP0,W02129PAPP0,53
W00572PAPP0,W02130PAPP0,14
W00572PAPP0,W02130PAPP0,21
W00572PAPP0,W02130PAPP0,32
W00572PAPP0,W02130PAPP0,49
W00572PAPP0,W02130PAPP0,143
W00572PAPP0,W02130PAPP0,87
W00572PAPP0,W02283PAPP0,36
W00572PAPP0,W02283PAPP0,38
W00572PAPP0,W02283PAPP0,92
W00572PAPP0,W02283PAPP0,16
W00572PAPP0,W02283PAPP0,394
W00572PAPP0,W02369PAPP0,1
W00572PAPP0,W02369PAPP0,4
W00572PAPP0,W02369PAPP0,21
W00572PAPP0,W02369PAPP0,7
W00572PAPP0,W02475PAPP0,7
W00572PAPP0,W02475PAPP0,9
W00572PAPP0,W02475PAPP0,18
W00572PAPP0,W02475PAPP0,19
W00572PAPP0,W02475PAPP0,2
W00572PAPP0,W02475PAPP0,72
W00572PAPP0,W02476PAPP0,18
W00572PAPP0,W02476PAPP0,29
W00572PAPP0,W02476PAPP0,30
W00572PAPP0,W02476PAPP0,52
W00572PAPP0,W02476PAPP0,108
W00572PAPP0,W02476PAPP0,8
W00572PAPP0,W02509PAPP0,13
W00572PAPP0,W02509PAPP0,9
W00572PAPP0,W02509PAPP0,19
W00572PAPP0,W02509PAPP0,22
W00572PAPP0,W02509PAPP0,112
W00572PAPP0,W02509PAPP0,20
W00572PAPP0,W02510PAPP1,21
W00572PAPP0,W02510PAPP1,27
W00572PAPP0,W02510PAPP1,33
W00572PAPP0,W02510PAPP1,55
W00572PAPP0,W02510PAPP1,174
W00572PAPP0,W02510PAPP1,50
W00572PAPP0,W02561PAPP0,44
W00572PAPP0,W02561PAPP0,82
W00572PAPP0,W02561PAPP0,63
W00572PAPP0,W02561PAPP0,6
W00572PAPP0,W02561PAPP0,486
W00572PAPP0,W02561PAPP0,298
W00572PAPP0,W02762PAPP2,14480
W00572PAPP0,W02762PAPP2,84
W00572PAPP0,W02762PAPP2,71
W00572PAPP0,W02762PAPP2,77
W00572PAPP0,W02763PAPP1,12
W00572PAPP0,W02763PAPP1,8
W00572PAPP0,W02763PAPP1,14
W00572PAPP0,W02763PAPP1,30
W00572PAPP0,W02763PAPP1,18
W00572PAPP0,W02763PAPP1,88
W00572PAPP0,W02763PAPP2,22
W00572PAPP0,W02763PAPP2,8
W00572PAPP0,W02763PAPP2,18
W00572PAPP0,W02763PAPP2,48
W00572PAPP0,W02763PAPP2,149
W00572PAPP0,W02763PAPP2,18
W00572PAPP0,W02764PNOD2,15
W00572PAPP0,W02764PNOD2,7
W00572PAPP0,W02764PNOD2,6
W00572PAPP0,W02764PNOD2,7
W00572PAPP0,W02764PNOD2,24
W00572PAPP0,W02764PNOD2,40
W00572PAPP0,W02764PNOD2,13
W00572PAPP0,W02764PNOD2,14
W00572PAPP0,W02764PNOD2,27
W00572PAPP0,W02764PNOD2,91
W00572PAPP0,W02764PNOD2,10
W00572PAPP0,W02764PNOD2,39
W00572PAPP0,W02764PNOD3,10
W00572PAPP0,W02764PNOD3,8
W00572PAPP0,W02764PNOD3,22
W00572PAPP0,W02764PNOD3,142
W00572PAPP0,W02764PNOD3,16
W00572PAPP0,W02765PSQL0,22
W00572PAPP0,W02765PSQL0,3998
W00572PAPP0,W02765PSQL0,15
W00572PAPP0,W02765PSQL0,20
W00572PAPP0,W02820DAPP0,11548
W00572PAPP0,W02820DAPP0,67
W00572PAPP0,W02820DAPP0,56
W00572PAPP0,W02820DAPP0,58
W00572PAPP0,W02821DSQL0,76
W00572PAPP0,W02821DSQL0,8168
W00572PAPP0,W02821DSQL0,49
W00572PAPP0,W02821DSQL0,72
W00572PAPP0,W02823PAPP0,21
W00572PAPP0,W02823PAPP0,26
W00572PAPP0,W02823PAPP0,47
W00572PAPP0,W02823PAPP0,58
W00572PAPP0,W02823PAPP0,120
W00572PAPP0,W02823PAPP0,33
W00572PAPP0,W02824PAPP0,15
W00572PAPP0,W02824PAPP0,23
W00572PAPP0,W02824PAPP0,30
W00572PAPP0,W02824PAPP0,43
W00572PAPP0,W02824PAPP0,174
W00572PAPP0,W02824PAPP0,41
W00572PAPP0,W02825PNOD1,18
W00572PAPP0,W02825PNOD1,22
W00572PAPP0,W02825PNOD1,4
W00572PAPP0,W02825PNOD1,46
W00572PAPP0,W02825PNOD1,6
W00572PAPP0,W02825PNOD1,195
W00572PAPP0,W02825PNOD1,53
W00572PAPP0,W02825PNOD1,12
W00572PAPP0,W02825PNOD1,28
W00572PAPP0,W02825PNOD2,20
W00572PAPP0,W02825PNOD2,32
W00572PAPP0,W02825PNOD2,41
W00572PAPP0,W02825PNOD2,128
W00572PAPP0,W02825PNOD2,56
W00572PAPP0,W02856DAPP0,40
W00572PAPP0,W02856DAPP0,5351
W00572PAPP0,W02856DAPP0,16
W00572PAPP0,W02856DAPP0,42
W00572PAPP0,W02857PAPP0,11
W00572PAPP0,W02857PAPP0,5
W00572PAPP0,W02857PAPP0,10
W00572PAPP0,W02857PAPP0,17
W00572PAPP0,W02857PAPP0,16
W00572PAPP0,W02857PAPP0,43
W00572PAPP0,W02894QNOD1,18
W00572PAPP0,W02894QNOD1,19
W00572PAPP0,W02894QNOD1,26
W00572PAPP0,W02894QNOD1,28
W00572PAPP0,W02894QNOD1,10
W00572PAPP0,W02894QNOD1,153
W00572PAPP0,W02894QNOD2,10
W00572PAPP0,W02894QNOD2,17
W00572PAPP0,W02894QNOD2,1
W00572PAPP0,W02894QNOD2,34
W00572PAPP0,W02894QNOD2,47
W00572PAPP0,W02894QNOD2,1
W00572PAPP0,W02894QNOD2,11
W00572PAPP0,W02894QNOD2,164
W00572PAPP0,W02894QNOD2,1
W00572PAPP0,W02897UAPP0,13
W00572PAPP0,W02897UAPP0,7
W00572PAPP0,W02897UAPP0,16
W00572PAPP0,W02897UAPP0,26
W00572PAPP0,W02897UAPP0,7
W00572PAPP0,W02897UAPP0,92
W00572PAPP0,W02952QNOD1,11
W00572PAPP0,W02952QNOD1,1
W00572PAPP0,W02952QNOD1,57
W00572PAPP0,W02952QNOD1,19
W00572PAPP0,W02952QNOD1,22
W00572PAPP0,W02952QNOD1,5
W00572PAPP0,W02952QNOD1,152
W00572PAPP0,W02952QNOD1,8
W00572PAPP0,W02952QNOD1,88
W00572PAPP0,W02952QNOD1,22
W00572PAPP0,W02952QNOD2,37
W00572PAPP0,W02952QNOD2,39
W00572PAPP0,W02952QNOD2,67
W00572PAPP0,W02952QNOD2,74
W00572PAPP0,W02952QNOD2,92
W00572PAPP0,W02952QNOD2,203
W00572PAPP0,W02952QNOD2,16
W00572PAPP0,W02952QNOD2,367
W00572PAPP0,W02953QAPP0,24
W00572PAPP0,W02953QAPP0,57
W00572PAPP0,W02953QAPP0,111
W00572PAPP0,W02953QAPP0,61
W00572PAPP0,W02953QAPP0,20
W00572PAPP0,W02953QAPP0,349
W00572PAPP0,W02954QAPP0,32
W00572PAPP0,W02954QAPP0,39
W00572PAPP0,W02954QAPP0,113
W00572PAPP0,W02954QAPP0,70
W00572PAPP0,W02954QAPP0,19
W00572PAPP0,W02954QAPP0,357
W00572PAPP0,W02957EAPP0,2
W00572PAPP0,W02957EAPP0,7
W00572PAPP0,W02957EAPP0,4
W00572PAPP0,W02957EAPP0,9
W00572PAPP0,W02957EAPP0,23
W00572PAPP0,W02957EAPP0,3
W00572PAPP0,W02962PAPP0,16
W00572PAPP0,W02962PAPP0,20
W00572PAPP0,W02962PAPP0,29
W00572PAPP0,W02962PAPP0,46
W00572PAPP0,W02962PAPP0,142
W00572PAPP0,W02962PAPP0,29
W00572PAPP0,W02975PAPP0,1
W00572PAPP0,W02975PAPP0,2
W00572PAPP0,W02975PAPP0,1
W00572PAPP0,W02975PAPP0,5
W00572PAPP0,W03022PNOD1,1
W00572PAPP0,W03022PNOD1,1
W00572PAPP0,W03022PNOD1,2
W00572PAPP0,W03022PNOD1,1
W00572PAPP0,W03022PNOD1,1
W00572PAPP0,W03022PNOD1,3
W00572PAPP0,W03022PNOD1,1
W00572PAPP0,W03022PNOD1,15
W00572PAPP0,W03022PNOD2,1
W00572PAPP0,W03022PNOD2,10
W00572PAPP0,W03022PNOD2,3
W00572PAPP0,W03022PNOD2,1
W00572PAPP0,W03022PNOD2,11
W00572PAPP0,W03022PNOD2,19
W00572PAPP0,W03022PNOD2,1
W00572PAPP0,W03022PNOD2,45
W00572PAPP0,W03022PNOD2,8
W00572PAPP0,W03060PAPP0,14
W00572PAPP0,W03060PAPP0,23
W00572PAPP0,W03060PAPP0,28
W00572PAPP0,W03060PAPP0,59
W00572PAPP0,W03060PAPP0,199
W00572PAPP0,W03060PAPP0,43
W00572PAPP0,W03066UAPP0,7
W00572PAPP0,W03066UAPP0,8
W00572PAPP0,W03066UAPP0,16
W00572PAPP0,W03066UAPP0,34
W00572PAPP0,W03066UAPP0,116
W00572PAPP0,W03066UAPP0,9
W00572PAPP0,W03070UAPP0,23
W00572PAPP0,W03070UAPP0,28
W00572PAPP0,W03070UAPP0,57
W00572PAPP0,W03070UAPP0,58
W00572PAPP0,W03070UAPP0,209
W00572PAPP0,W03070UAPP0,9
W00572PAPP0,W03072USQL0,12
W00572PAPP0,W03072USQL0,51
W00572PAPP0,W03072USQL0,32
W00572PAPP0,W03072USQL0,65
W00572PAPP0,W03072USQL0,153
W00572PAPP0,W03072USQL0,4
W00572PAPP0,W03073PNOD1,17
W00572PAPP0,W03073PNOD1,18
W00572PAPP0,W03073PNOD1,29
W00572PAPP0,W03073PNOD1,42
W00572PAPP0,W03073PNOD1,146
W00572PAPP0,W03073PNOD1,26
W00572PAPP0,W03073PNOD2,17
W00572PAPP0,W03073PNOD2,9
W00572PAPP0,W03073PNOD2,27
W00572PAPP0,W03073PNOD2,34
W00572PAPP0,W03073PNOD2,135
W00572PAPP0,W03073PNOD2,22
W00572PAPP0,W03095PNOD1,3
W00572PAPP0,W03095PNOD1,5
W00572PAPP0,W03095PNOD1,6
W00572PAPP0,W03095PNOD1,15
W00572PAPP0,W03095PNOD1,2
W00572PAPP0,W03095PNOD1,1
W00572PAPP0,W03095PNOD1,2
W00572PAPP0,W03095PNOD2,12
W00572PAPP0,W03095PNOD2,26
W00572PAPP0,W03095PNOD2,27
W00572PAPP0,W03095PNOD2,49
W00572PAPP0,W03095PNOD2,183
W00572PAPP0,W03095PNOD2,41
W00572PAPP0,W03096PAPP0,13
W00572PAPP0,W03096PAPP0,24
W00572PAPP0,W03096PAPP0,25
W00572PAPP0,W03096PAPP0,123
W00572PAPP0,W03096PAPP0,22
W00572PAPP0,W03097PAPP0,13
W00572PAPP0,W03097PAPP0,25
W00572PAPP0,W03097PAPP0,48
W00572PAPP0,W03097PAPP0,54
W00572PAPP0,W03097PAPP0,151
W00572PAPP0,W03097PAPP0,31
W00572PAPP0,W03107QAPP0,41
W00572PAPP0,W03107QAPP0,43
W00572PAPP0,W03107QAPP0,71
W00572PAPP0,W03107QAPP0,83
W00572PAPP0,W03107QAPP0,13
W00572PAPP0,W03107QAPP0,323
W00572PAPP0,W03108QAPP0,27
W00572PAPP0,W03108QAPP0,40
W00572PAPP0,W03108QAPP0,55
W00572PAPP0,W03108QAPP0,67
W00572PAPP0,W03108QAPP0,18
W00572PAPP0,W03108QAPP0,233
W00572PAPP0,W03110QNOD1,20
W00572PAPP0,W03110QNOD1,29
W00572PAPP0,W03110QNOD1,40
W00572PAPP0,W03110QNOD1,56
W00572PAPP0,W03110QNOD1,10
W00572PAPP0,W03110QNOD1,195
W00572PAPP0,W03110QNOD2,23
W00572PAPP0,W03110QNOD2,24
W00572PAPP0,W03110QNOD2,1
W00572PAPP0,W03110QNOD2,38
W00572PAPP0,W03110QNOD2,53
W00572PAPP0,W03110QNOD2,2
W00572PAPP0,W03110QNOD2,6
W00572PAPP0,W03110QNOD2,12
W00572PAPP0,W03110QNOD2,187
W00572PAPP0,W03110QNOD2,1
W00572PAPP0,W03110QNOD2,3
W00572PAPP0,W03125DAPP0,54
W00572PAPP0,W03125DAPP0,8247
W00572PAPP0,W03125DAPP0,21
W00572PAPP0,W03125DAPP0,47
W00572PAPP0,W03126DSQL0,53
W00572PAPP0,W03126DSQL0,7148
W00572PAPP0,W03126DSQL0,15
W00572PAPP0,W03126DSQL0,40
W00572PAPP0,W03126DSQL0,2
W00572PAPP0,W03139PAPP0,10
W00572PAPP0,W03139PAPP0,18
W00572PAPP0,W03139PAPP0,23
W00572PAPP0,W03139PAPP0,27
W00572PAPP0,W03139PAPP0,124
W00572PAPP0,W03139PAPP0,16
W00572PAPP0,W03156PNOD1,11
W00572PAPP0,W03156PNOD1,7
W00572PAPP0,W03156PNOD1,16
W00572PAPP0,W03156PNOD1,19
W00572PAPP0,W03156PNOD1,101
W00572PAPP0,W03156PNOD1,24
W00572PAPP0,W03156PNOD2,18
W00572PAPP0,W03156PNOD2,33
W00572PAPP0,W03156PNOD2,51
W00572PAPP0,W03156PNOD2,55
W00572PAPP0,W03156PNOD2,152
W00572PAPP0,W03156PNOD2,37
W00572PAPP0,W03158PAPP0,16
W00572PAPP0,W03158PAPP0,9
W00572PAPP0,W03158PAPP0,12
W00572PAPP0,W03158PAPP0,29
W00572PAPP0,W03158PAPP0,118
W00572PAPP0,W03158PAPP0,27
W00572PAPP0,W03190DAPP0,27
W00572PAPP0,W03190DAPP0,4631
W00572PAPP0,W03190DAPP0,13
W00572PAPP0,W03190DAPP0,16
W00572PAPP0,W03191DNOD1,36
W00572PAPP0,W03191DNOD1,7413
W00572PAPP0,W03191DNOD1,23
W00572PAPP0,W03191DNOD1,43
W00572PAPP0,W03191DNOD2,25884
W00572PAPP0,W03191DNOD2,49
W00572PAPP0,W03191DNOD2,168
W00572PAPP0,W03191DNOD2,58
W00572PAPP0,W03209DAPP0,12
W00572PAPP0,W03209DAPP0,29
W00572PAPP0,W03209DAPP0,39
W00572PAPP0,W03209DAPP0,66
W00572PAPP0,W03209DAPP0,182
W00572PAPP0,W03209DAPP0,6
W00572PAPP0,W03210DSQL0,17
W00572PAPP0,W03210DSQL0,25
W00572PAPP0,W03210DSQL0,45
W00572PAPP0,W03210DSQL0,52
W00572PAPP0,W03210DSQL0,10
W00572PAPP0,W03210DSQL0,152
W00572PAPP0,W03211DSQL0,69
W00572PAPP0,W03211DSQL0,8308
W00572PAPP0,W03211DSQL0,38
W00572PAPP0,W03211DSQL0,62
W00572PAPP0,W03212DAPP0,71
W00572PAPP0,W03212DAPP0,9381
W00572PAPP0,W03212DAPP0,49
W00572PAPP0,W03212DAPP0,55
W00572PAPP0,W03328PSQL0,21
W00572PAPP0,W03328PSQL0,22
W00572PAPP0,W03328PSQL0,46
W00572PAPP0,W03328PSQL0,47
W00572PAPP0,W03328PSQL0,151
W00572PAPP0,W03328PSQL0,31
W00572PAPP0,W03330DAPP0,18
W00572PAPP0,W03330DAPP0,3756
W00572PAPP0,W03330DAPP0,11
W00572PAPP0,W03330DAPP0,16
W00572PAPP0,W03351DAPP0,37
W00572PAPP0,W03351DAPP0,6081
W00572PAPP0,W03351DAPP0,30
W00572PAPP0,W03351DAPP0,68
W00572PAPP0,W03453PNOD1,19
W00572PAPP0,W03453PNOD1,29
W00572PAPP0,W03453PNOD1,37
W00572PAPP0,W03453PNOD1,58
W00572PAPP0,W03453PNOD1,148
W00572PAPP0,W03453PNOD1,32
W00572PAPP0,W03453PNOD2,14
W00572PAPP0,W03453PNOD2,19
W00572PAPP0,W03453PNOD2,24
W00572PAPP0,W03453PNOD2,48
W00572PAPP0,W03453PNOD2,109
W00572PAPP0,W03453PNOD2,34
W00572PAPP0,W03537QSQL0,19
W00572PAPP0,W03537QSQL0,32
W00572PAPP0,W03537QSQL0,54
W00572PAPP0,W03537QSQL0,10
W00572PAPP0,W03537QSQL0,171
W00572PAPP0,W03804QAPP0,10
W00572PAPP0,W03804QAPP0,11
W00572PAPP0,W03804QAPP0,21
W00572PAPP0,W03804QAPP0,23
W00572PAPP0,W03804QAPP0,10
W00572PAPP0,W03804QAPP0,100
W00572PAPP0,W03807PAPP0,12
W00572PAPP0,W03807PAPP0,6
W00572PAPP0,W03807PAPP0,10
W00572PAPP0,W03807PAPP0,34
W00572PAPP0,W03807PAPP0,20
W00572PAPP0,W03807PAPP0,93
W00572PAPP0,W03866QNOD1,32
W00572PAPP0,W03866QNOD1,44
W00572PAPP0,W03866QNOD1,2
W00572PAPP0,W03866QNOD1,66
W00572PAPP0,W03866QNOD1,82
W00572PAPP0,W03866QNOD1,2
W00572PAPP0,W03866QNOD1,20
W00572PAPP0,W03866QNOD1,335
W00572PAPP0,W03866QNOD1,5
W00572PAPP0,W03866QNOD2,45
W00572PAPP0,W03866QNOD2,49
W00572PAPP0,W03866QNOD2,100
W00572PAPP0,W03866QNOD2,85
W00572PAPP0,W03866QNOD2,27
W00572PAPP0,W03866QNOD2,356
W00572PAPP0,W03869PNOD1,12
W00572PAPP0,W03869PNOD1,18
W00572PAPP0,W03869PNOD1,20
W00572PAPP0,W03869PNOD1,36
W00572PAPP0,W03869PNOD1,139
W00572PAPP0,W03869PNOD1,59
W00572PAPP0,W03869PNOD2,1
W00572PAPP0,W03869PNOD2,2
W00572PAPP0,W03869PNOD2,1
W00572PAPP0,W03869PNOD2,1
W00572PAPP0,W03869PNOD2,1
W00572PAPP0,W03869PNOD2,3
W00572PAPP0,W03869PNOD2,9
W00572PAPP0,W03869PNOD2,1
W00572PAPP0,W03898PMON0,12
W00572PAPP0,W03898PMON0,23
W00572PAPP0,W03898PMON0,28
W00572PAPP0,W03898PMON0,42
W00572PAPP0,W03898PMON0,115
W00572PAPP0,W03898PMON0,26
W00572PAPP0,W03900PMBX0,1
W00572PAPP0,W03900PMBX0,1
W00572PAPP0,W03900PMBX0,1
W00572PAPP0,W03900PMBX0,3
W00572PAPP0,W03926PAPP0,14
W00572PAPP0,W03926PAPP0,9
W00572PAPP0,W03926PAPP0,11
W00572PAPP0,W03926PAPP0,25
W00572PAPP0,W03926PAPP0,29
W00572PAPP0,W03926PAPP0,66
W00572PAPP0,W04013PSQL0,12
W00572PAPP0,W04013PSQL0,24
W00572PAPP0,W04013PSQL0,40
W00572PAPP0,W04013PSQL0,55
W00572PAPP0,W04013PSQL0,124
W00572PAPP0,W04013PSQL0,55
W00572PAPP0,W04042QAPP0,4
W00572PAPP0,W04042QAPP0,5
W00572PAPP0,W04042QAPP0,11
W00572PAPP0,W04042QAPP0,7
W00572PAPP0,W04042QAPP0,2
W00572PAPP0,W04042QAPP0,61
W00572PAPP0,W04048QAPP0,13
W00572PAPP0,W04048QAPP0,3
W00572PAPP0,W04048QAPP0,21
W00572PAPP0,W04048QAPP0,8
W00572PAPP0,W04048QAPP0,3
W00572PAPP0,W04048QAPP0,60
W00572PAPP0,W04049PAPP0,1
W00572PAPP0,W04049PAPP0,1
W00572PAPP0,W04049PAPP0,1
W00572PAPP0,W04049PAPP0,2
W00572PAPP0,W04050PAPP0,1
W00572PAPP0,W04050PAPP0,3
W00572PAPP0,W04050PAPP0,1
W00572PAPP0,W04050PAPP0,4
W00572PAPP0,W04050PAPP0,10
W00572PAPP0,W04050PAPP0,8
W00572PAPP0,W04051PAPP0,14
W00572PAPP0,W04051PAPP0,2
W00572PAPP0,W04051PAPP0,26
W00572PAPP0,W04051PAPP0,7
W00572PAPP0,W04051PAPP0,114
W00572PAPP0,W04051PAPP0,23
W00572PAPP0,W04150PSQL0,11
W00572PAPP0,W04150PSQL0,14
W00572PAPP0,W04150PSQL0,21
W00572PAPP0,W04150PSQL0,29
W00572PAPP0,W04150PSQL0,18
W00572PAPP0,W04150PSQL0,83
W00572PAPP0,W04158PAPP0,11
W00572PAPP0,W04158PAPP0,16
W00572PAPP0,W04158PAPP0,17
W00572PAPP0,W04158PAPP0,39
W00572PAPP0,W04158PAPP0,124
W00572PAPP0,W04158PAPP0,24
W00572PAPP0,W04165PAPP0,15
W00572PAPP0,W04165PAPP0,26
W00572PAPP0,W04165PAPP0,41
W00572PAPP0,W04165PAPP0,73
W00572PAPP0,W04165PAPP0,239
W00572PAPP0,W04165PAPP0,29
W00572PAPP0,W04181PNOD1,2
W00572PAPP0,W04181PNOD1,24
W00572PAPP0,W04181PNOD1,47
W00572PAPP0,W04181PNOD1,6
W00572PAPP0,W04181PNOD1,1
W00572PAPP0,W04181PNOD1,14
W00572PAPP0,W04181PNOD1,169
W00572PAPP0,W04181PNOD1,1
W00572PAPP0,W04181PNOD2,31
W00572PAPP0,W04181PNOD2,35
W00572PAPP0,W04181PNOD2,50
W00572PAPP0,W04181PNOD2,54
W00572PAPP0,W04181PNOD2,172
W00572PAPP0,W04181PNOD2,33
W00572PAPP0,W04197PAPP0,11
W00572PAPP0,W04197PAPP0,7
W00572PAPP0,W04197PAPP0,20
W00572PAPP0,W04197PAPP0,23
W00572PAPP0,W04197PAPP0,114
W00572PAPP0,W04197PAPP0,19
W00572PAPP0,W04228QSQL0,18
W00572PAPP0,W04228QSQL0,30
W00572PAPP0,W04228QSQL0,39
W00572PAPP0,W04228QSQL0,55
W00572PAPP0,W04228QSQL0,176
W00572PAPP0,W04228QSQL0,9
W00572PAPP0,W04238QNOD1,14
W00572PAPP0,W04238QNOD1,7
W00572PAPP0,W04238QNOD1,20
W00572PAPP0,W04238QNOD1,35
W00572PAPP0,W04238QNOD1,146
W00572PAPP0,W04238QNOD1,26
W00572PAPP0,W04238QNOD2,10
W00572PAPP0,W04238QNOD2,19
W00572PAPP0,W04238QNOD2,16
W00572PAPP0,W04238QNOD2,36
W00572PAPP0,W04238QNOD2,141
W00572PAPP0,W04238QNOD2,20
W00572PAPP0,W04251QNOD1,18
W00572PAPP0,W04251QNOD1,45
W00572PAPP0,W04251QNOD1,42
W00572PAPP0,W04251QNOD1,89
W00572PAPP0,W04251QNOD1,16
W00572PAPP0,W04251QNOD1,207
W00572PAPP0,W04251QNOD2,13
W00572PAPP0,W04251QNOD2,17
W00572PAPP0,W04251QNOD2,30
W00572PAPP0,W04251QNOD2,31
W00572PAPP0,W04251QNOD2,156
W00572PAPP0,W04251QNOD2,23
W00572PAPP0,W05004PNOD2,14
W00572PAPP0,W05004PNOD2,17
W00572PAPP0,W05004PNOD2,19
W00572PAPP0,W05004PNOD2,21
W00572PAPP0,W05004PNOD2,165
W00572PAPP0,W05004PNOD2,39
W00572PAPP0,W05010PAPP0,13
W00572PAPP0,W05010PAPP0,8
W00572PAPP0,W05010PAPP0,20
W00572PAPP0,W05010PAPP0,29
W00572PAPP0,W05010PAPP0,109
W00572PAPP0,W05010PAPP0,38
W00572PAPP0,W05011PAPP0,11
W00572PAPP0,W05011PAPP0,15
W00572PAPP0,W05011PAPP0,21
W00572PAPP0,W05011PAPP0,36
W00572PAPP0,W05011PAPP0,102
W00572PAPP0,W05011PAPP0,35
W00572PAPP0,W05012PAPP0,16
W00572PAPP0,W05012PAPP0,20
W00572PAPP0,W05012PAPP0,1
W00572PAPP0,W05012PAPP0,127
W00572PAPP0,W05012PAPP0,67
W00572PAPP0,W05013PAPP0,13
W00572PAPP0,W05013PAPP0,26
W00572PAPP0,W05013PAPP0,24
W00572PAPP0,W05013PAPP0,54
W00572PAPP0,W05013PAPP0,204
W00572PAPP0,W05013PAPP0,35
W00572PAPP0,W05015QAPP0,22
W00572PAPP0,W05015QAPP0,24
W00572PAPP0,W05015QAPP0,176
W00572PAPP0,W05015QAPP0,20
W00572PAPP0,W05049PBKP0,14
W00572PAPP0,W05049PBKP0,15
W00572PAPP0,W05049PBKP0,39
W00572PAPP0,W05049PBKP0,41
W00572PAPP0,W05049PBKP0,119
W00572PAPP0,W05049PBKP0,23
W00572PAPP0,W05053PNOD1,1
W00572PAPP0,W05053PNOD1,4
W00572PAPP0,W05053PNOD1,1
W00572PAPP0,W05053PNOD1,9
W00572PAPP0,W05053PNOD1,10
W00572PAPP0,W05053PNOD1,32
W00572PAPP0,W05053PNOD2,13
W00572PAPP0,W05053PNOD2,14
W00572PAPP0,W05053PNOD2,19
W00572PAPP0,W05053PNOD2,29
W00572PAPP0,W05053PNOD2,152
W00572PAPP0,W05053PNOD2,40
W00572PAPP0,W05054PNOD1,21
W00572PAPP0,W05054PNOD1,35
W00572PAPP0,W05054PNOD1,1
W00572PAPP0,W05054PNOD1,2
W00572PAPP0,W05054PNOD1,41
W00572PAPP0,W05054PNOD1,77
W00572PAPP0,W05054PNOD1,1
W00572PAPP0,W05054PNOD1,200
W00572PAPP0,W05054PNOD1,50
W00572PAPP0,W05054PNOD1,3
W00572PAPP0,W05054PNOD2,13
W00572PAPP0,W05054PNOD2,16
W00572PAPP0,W05054PNOD2,47
W00572PAPP0,W05054PNOD2,49
W00572PAPP0,W05054PNOD2,149
W00572PAPP0,W05054PNOD2,46
W00572PAPP0,W05093QAPP0,11
W00572PAPP0,W05093QAPP0,6
W00572PAPP0,W05093QAPP0,10
W00572PAPP0,W05093QAPP0,23
W00572PAPP0,W05093QAPP0,2
W00572PAPP0,W05093QAPP0,82
W00572PAPP0,W05094QNOD1,17
W00572PAPP0,W05094QNOD1,24
W00572PAPP0,W05094QNOD1,34
W00572PAPP0,W05094QNOD1,48
W00572PAPP0,W05094QNOD1,112
W00572PAPP0,W05094QNOD1,7
W00572PAPP0,W05094QNOD2,12
W00572PAPP0,W05094QNOD2,25
W00572PAPP0,W05094QNOD2,26
W00572PAPP0,W05094QNOD2,44
W00572PAPP0,W05094QNOD2,132
W00572PAPP0,W05094QNOD2,2
W00572PAPP0,W05095QNOD1,17
W00572PAPP0,W05095QNOD1,24
W00572PAPP0,W05095QNOD1,32
W00572PAPP0,W05095QNOD1,42
W00572PAPP0,W05095QNOD1,176
W00572PAPP0,W05095QNOD1,6
W00572PAPP0,W05095QNOD2,12
W00572PAPP0,W05095QNOD2,20
W00572PAPP0,W05095QNOD2,24
W00572PAPP0,W05095QNOD2,37
W00572PAPP0,W05095QNOD2,166
W00572PAPP0,W05095QNOD2,9
W00572PAPP0,W05115PNOD1,4
W00572PAPP0,W05115PNOD1,11
W00572PAPP0,W05115PNOD1,9
W00572PAPP0,W05115PNOD1,23
W00572PAPP0,W05115PNOD1,88
W00572PAPP0,W05115PNOD2,19
W00572PAPP0,W05115PNOD2,30
W00572PAPP0,W05115PNOD2,32
W00572PAPP0,W05115PNOD2,57
W00572PAPP0,W05115PNOD2,155
W00572PAPP0,W05115PNOD2,42
W00572PAPP0,W05115PNOD3,8
W00572PAPP0,W05115PNOD3,9
W00572PAPP0,W05115PNOD3,15
W00572PAPP0,W05115PNOD3,19
W00572PAPP0,W05115PNOD3,28
W00572PAPP0,W05115PNOD3,94
W00572PAPP0,W05117PAPP0,3
W00572PAPP0,W05117PAPP0,6
W00572PAPP0,W05117PAPP0,15
W00572PAPP0,W05117PAPP0,6
W00572PAPP0,W05117PAPP0,37
W00572PAPP0,W05117PAPP0,8
W00572PAPP0,W05120QAPP0,16
W00572PAPP0,W05120QAPP0,17
W00572PAPP0,W05120QAPP0,33
W00572PAPP0,W05120QAPP0,36
W00572PAPP0,W05120QAPP0,168
W00572PAPP0,W05120QAPP0,7
W00572PAPP0,W05142PAPP0,11
W00572PAPP0,W05142PAPP0,13
W00572PAPP0,W05142PAPP0,24
W00572PAPP0,W05142PAPP0,28
W00572PAPP0,W05142PAPP0,143
W00572PAPP0,W05142PAPP0,17
W00572PAPP0,W05160PAPP0,16
W00572PAPP0,W05160PAPP0,9
W00572PAPP0,W05160PAPP0,18
W00572PAPP0,W05160PAPP0,33
W00572PAPP0,W05160PAPP0,1
W00572PAPP0,W05160PAPP0,83
W00572PAPP0,W05169PAPP0,22
W00572PAPP0,W05169PAPP0,30
W00572PAPP0,W05169PAPP0,43
W00572PAPP0,W05169PAPP0,45
W00572PAPP0,W05169PAPP0,161
W00572PAPP0,W05169PAPP0,37
W00572PAPP0,W05176PSQL0,14
W00572PAPP0,W05176PSQL0,34
W00572PAPP0,W05176PSQL0,46
W00572PAPP0,W05176PSQL0,73
W00572PAPP0,W05176PSQL0,169
W00572PAPP0,W05176PSQL0,35
W00572PAPP0,W05219PAPP0,12
W00572PAPP0,W05219PAPP0,16
W00572PAPP0,W05219PAPP0,19
W00572PAPP0,W05219PAPP0,38
W00572PAPP0,W05219PAPP0,103
W00572PAPP0,W05219PAPP0,43
W00572PAPP0,W05245QNOD1,12
W00572PAPP0,W05245QNOD1,19
W00572PAPP0,W05245QNOD1,20
W00572PAPP0,W05245QNOD1,35
W00572PAPP0,W05245QNOD1,142
W00572PAPP0,W05245QNOD1,8
W00572PAPP0,W05245QNOD2,15
W00572PAPP0,W05245QNOD2,18
W00572PAPP0,W05245QNOD2,26
W00572PAPP0,W05245QNOD2,32
W00572PAPP0,W05245QNOD2,168
W00572PAPP0,W05245QNOD2,4
W00572PAPP0,W05247PNOD1,14
W00572PAPP0,W05247PNOD1,22
W00572PAPP0,W05247PNOD1,46
W00572PAPP0,W05247PNOD1,59
W00572PAPP0,W05247PNOD1,162
W00572PAPP0,W05247PNOD1,41
W00572PAPP0,W05247PNOD2,12
W00572PAPP0,W05247PNOD2,19
W00572PAPP0,W05247PNOD2,18
W00572PAPP0,W05247PNOD2,50
W00572PAPP0,W05247PNOD2,102
W00572PAPP0,W05247PNOD2,46
W00572PAPP0,W05248QAPP0,15
W00572PAPP0,W05248QAPP0,5
W00572PAPP0,W05248QAPP0,12
W00572PAPP0,W05248QAPP0,27
W00572PAPP0,W05248QAPP0,3
W00572PAPP0,W05248QAPP0,50
W00572PAPP0,W05249QAPP0,13
W00572PAPP0,W05249QAPP0,16
W00572PAPP0,W05249QAPP0,34
W00572PAPP0,W05249QAPP0,46
W00572PAPP0,W05249QAPP0,12
W00572PAPP0,W05249QAPP0,138
W00572PAPP0,W05250PAPP0,14
W00572PAPP0,W05250PAPP0,15
W00572PAPP0,W05250PAPP0,28
W00572PAPP0,W05250PAPP0,31
W00572PAPP0,W05250PAPP0,136
W00572PAPP0,W05250PAPP0,28
W00572PAPP0,W05251PAPP0,6
W00572PAPP0,W05251PAPP0,9
W00572PAPP0,W05251PAPP0,15
W00572PAPP0,W05251PAPP0,21
W00572PAPP0,W05251PAPP0,20
W00572PAPP0,W05251PAPP0,79
W00572PAPP0,W05262PAPP0,19
W00572PAPP0,W05262PAPP0,29
W00572PAPP0,W05262PAPP0,50
W00572PAPP0,W05262PAPP0,52
W00572PAPP0,W05262PAPP0,164
W00572PAPP0,W05262PAPP0,49
W00572PAPP0,W05263PAPP0,12
W00572PAPP0,W05263PAPP0,23
W00572PAPP0,W05263PAPP0,18
W00572PAPP0,W05263PAPP0,40
W00572PAPP0,W05263PAPP0,111
W00572PAPP0,W05263PAPP0,45
W00572PAPP0,W05359PCXW0,55
W00572PAPP0,W05359PCXW0,68
W00572PAPP0,W05359PCXW0,110
W00572PAPP0,W05359PCXW0,134
W00572PAPP0,W05359PCXW0,497
W00572PAPP0,W05359PCXW0,76
W00572PAPP0,W05360PCXW0,45
W00572PAPP0,W05360PCXW0,60
W00572PAPP0,W05360PCXW0,117
W00572PAPP0,W05360PCXW0,84
W00572PAPP0,W05360PCXW0,153
W00572PAPP0,W05360PCXW0,344
W00572PAPP0,W05416PPSC0,3
W00572PAPP0,W05416PPSC0,7
W00572PAPP0,W05416PPSC0,10
W00572PAPP0,W05416PPSC0,11
W00572PAPP0,W05416PPSC0,13
W00572PAPP0,W05416PPSC0,66
W00572PAPP0,W05427PCXW0,57
W00572PAPP0,W05427PCXW0,66
W00572PAPP0,W05427PCXW0,112
W00572PAPP0,W05427PCXW0,120
W00572PAPP0,W05427PCXW0,478
W00572PAPP0,W05427PCXW0,92
W00572PAPP0,W05461DAPP0,25
W00572PAPP0,W05461DAPP0,5484
W00572PAPP0,W05461DAPP0,28
W00572PAPP0,W05461DAPP0,36
W00572PAPP0,W05462DSQL0,15
W00572PAPP0,W05462DSQL0,5604
W00572PAPP0,W05462DSQL0,11
W00572PAPP0,W05462DSQL0,25
W00572PAPP0,W05580QAPP0,15
W00572PAPP0,W05580QAPP0,27
W00572PAPP0,W05580QAPP0,35
W00572PAPP0,W05580QAPP0,47
W00572PAPP0,W05580QAPP0,150
W00572PAPP0,W05580QAPP0,4
W00572PAPP0,W05581QSQL0,11
W00572PAPP0,W05581QSQL0,17
W00572PAPP0,W05581QSQL0,23
W00572PAPP0,W05581QSQL0,45
W00572PAPP0,W05581QSQL0,1
W00572PAPP0,W05581QSQL0,164
W00572PAPP0,W05639QNOD1,10
W00572PAPP0,W05639QNOD1,6
W00572PAPP0,W05639QNOD1,1
W00572PAPP0,W05639QNOD1,11
W00572PAPP0,W05639QNOD1,18
W00572PAPP0,W05639QNOD1,1
W00572PAPP0,W05639QNOD1,2
W00572PAPP0,W05639QNOD1,62
W00572PAPP0,W05639QNOD1,1
W00572PAPP0,W05639QNOD2,14
W00572PAPP0,W05639QNOD2,6
W00572PAPP0,W05639QNOD2,19
W00572PAPP0,W05639QNOD2,43
W00572PAPP0,W05639QNOD2,120
W00572PAPP0,W05639QNOD2,9
W00572PAPP0,W05640QAPP0,18
W00572PAPP0,W05640QAPP0,33
W00572PAPP0,W05640QAPP0,40
W00572PAPP0,W05640QAPP0,47
W00572PAPP0,W05640QAPP0,150
W00572PAPP0,W05640QAPP0,9
W00572PAPP0,W05641QAPP0,20
W00572PAPP0,W05641QAPP0,33
W00572PAPP0,W05641QAPP0,41
W00572PAPP0,W05641QAPP0,59
W00572PAPP0,W05641QAPP0,13
W00572PAPP0,W05641QAPP0,211
W00572PAPP0,W05684PAPP0,15
W00572PAPP0,W05684PAPP0,24
W00572PAPP0,W05684PAPP0,32
W00572PAPP0,W05684PAPP0,101
W00572PAPP0,W05684PAPP0,24
W00572PAPP0,W05685PAPP0,27
W00572PAPP0,W05685PAPP0,8
W00572PAPP0,W05685PAPP0,12
W00572PAPP0,W05685PAPP0,47
W00572PAPP0,W05685PAPP0,116
W00572PAPP0,W05685PAPP0,17
W00572PAPP0,W05686PNOD1,22
W00572PAPP0,W05686PNOD1,24
W00572PAPP0,W05686PNOD1,1
W00572PAPP0,W05686PNOD1,53
W00572PAPP0,W05686PNOD1,66
W00572PAPP0,W05686PNOD1,1
W00572PAPP0,W05686PNOD1,169
W00572PAPP0,W05686PNOD1,33
W00572PAPP0,W05686PNOD1,1
W00572PAPP0,W05686PNOD1,2
W00572PAPP0,W05686PNOD2,25
W00572PAPP0,W05686PNOD2,30
W00572PAPP0,W05686PNOD2,46
W00572PAPP0,W05686PNOD2,145
W00572PAPP0,W05686PNOD2,24
W00572PAPP0,W05691PAPP0,1
W00572PAPP0,W05691PAPP0,1
W00572PAPP0,W05691PAPP0,1
W00572PAPP0,W05730DAPP0,35
W00572PAPP0,W05730DAPP0,7425
W00572PAPP0,W05730DAPP0,15
W00572PAPP0,W05730DAPP0,30
W00572PAPP0,W05731DSQL0,37
W00572PAPP0,W05731DSQL0,4615
W00572PAPP0,W05731DSQL0,27
W00572PAPP0,W05731DSQL0,32
W00572PAPP0,W05780QAPP0,24
W00572PAPP0,W05780QAPP0,44
W00572PAPP0,W05780QAPP0,60
W00572PAPP0,W05780QAPP0,96
W00572PAPP0,W05780QAPP0,21
W00572PAPP0,W05780QAPP0,297
W00572PAPP0,W05781PAPP0,10
W00572PAPP0,W05781PAPP0,9
W00572PAPP0,W05781PAPP0,17
W00572PAPP0,W05781PAPP0,29
W00572PAPP0,W05781PAPP0,83
W00572PAPP0,W05781PAPP0,9
W00572PAPP0,W05782PAPP0,5
W00572PAPP0,W05782PAPP0,9
W00572PAPP0,W05782PAPP0,11
W00572PAPP0,W05782PAPP0,20
W00572PAPP0,W05782PAPP0,19
W00572PAPP0,W05782PAPP0,78
W00572PAPP0,W05815QAPP0,12
W00572PAPP0,W05815QAPP0,14
W00572PAPP0,W05815QAPP0,27
W00572PAPP0,W05815QAPP0,34
W00572PAPP0,W05815QAPP0,14
W00572PAPP0,W05815QAPP0,165
W00572PAPP0,W05816QSQL0,22
W00572PAPP0,W05816QSQL0,8
W00572PAPP0,W05816QSQL0,24
W00572PAPP0,W05816QSQL0,49
W00572PAPP0,W05816QSQL0,141
W00572PAPP0,W05816QSQL0,4
W00572PAPP0,W05859QAPP0,73
W00572PAPP0,W05859QAPP0,145
W00572PAPP0,W05871PAPP0,21
W00572PAPP0,W05871PAPP0,26
W00572PAPP0,W05871PAPP0,34
W00572PAPP0,W05871PAPP0,50
W00572PAPP0,W05871PAPP0,185
W00572PAPP0,W05871PAPP0,44
W00572PAPP0,W05888QAPP0,22
W00572PAPP0,W05888QAPP0,30
W00572PAPP0,W05888QAPP0,46
W00572PAPP0,W05888QAPP0,63
W00572PAPP0,W05888QAPP0,180
W00572PAPP0,W05888QAPP0,5
W00572PAPP0,W05889QAPP0,26
W00572PAPP0,W05889QAPP0,27
W00572PAPP0,W05889QAPP0,45
W00572PAPP0,W05889QAPP0,48
W00572PAPP0,W05889QAPP0,12
W00572PAPP0,W05889QAPP0,137
W00572PAPP0,W05892QAPP0,19
W00572PAPP0,W05892QAPP0,20
W00572PAPP0,W05892QAPP0,43
W00572PAPP0,W05892QAPP0,46
W00572PAPP0,W05892QAPP0,142
W00572PAPP0,W05892QAPP0,8
W00572PAPP0,W05895PSQL0,17
W00572PAPP0,W05895PSQL0,18
W00572PAPP0,W05895PSQL0,45
W00572PAPP0,W05895PSQL0,48
W00572PAPP0,W05895PSQL0,154
W00572PAPP0,W05895PSQL0,17
W00572PAPP0,W05911PCXW0,49
W00572PAPP0,W05911PCXW0,56
W00572PAPP0,W05911PCXW0,121
W00572PAPP0,W05911PCXW0,92
W00572PAPP0,W05911PCXW0,425
W00572PAPP0,W05911PCXW0,68
W00572PAPP0,W05912PCXW0,48
W00572PAPP0,W05912PCXW0,58
W00572PAPP0,W05912PCXW0,101
W00572PAPP0,W05912PCXW0,112
W00572PAPP0,W05912PCXW0,40
W00572PAPP0,W05912PCXW0,424
W00572PAPP0,W05917DSQL0,41
W00572PAPP0,W05917DSQL0,8513
W00572PAPP0,W05917DSQL0,30
W00572PAPP0,W05917DSQL0,48
W00572PAPP0,W05934QAPP0,1
W00572PAPP0,W05934QAPP0,8
W00572PAPP0,W05934QAPP0,15
W00572PAPP0,W05934QAPP0,8
W00572PAPP0,W05934QAPP0,3
W00572PAPP0,W05934QAPP0,38
W00572PAPP0,W05935PAPP0,17
W00572PAPP0,W05935PAPP0,9
W00572PAPP0,W05935PAPP0,19
W00572PAPP0,W05935PAPP0,29
W00572PAPP0,W05935PAPP0,143
W00572PAPP0,W05935PAPP0,24
W00572PAPP0,W05986PAPP0,13
W00572PAPP0,W05986PAPP0,15
W00572PAPP0,W05986PAPP0,35
W00572PAPP0,W05986PAPP0,44
W00572PAPP0,W05986PAPP0,131
W00572PAPP0,W05986PAPP0,14
W00572PAPP0,W06064QAPP0,11
W00572PAPP0,W06064QAPP0,18
W00572PAPP0,W06064QAPP0,22
W00572PAPP0,W06064QAPP0,49
W00572PAPP0,W06064QAPP0,10
W00572PAPP0,W06064QAPP0,148
W00572PAPP0,W06065QAPP0,23
W00572PAPP0,W06065QAPP0,25
W00572PAPP0,W06065QAPP0,45
W00572PAPP0,W06065QAPP0,47
W00572PAPP0,W06065QAPP0,185
W00572PAPP0,W06065QAPP0,6
W00572PAPP0,W06178PFLE0,15
W00572PAPP0,W06178PFLE0,23
W00572PAPP0,W06178PFLE0,38
W00572PAPP0,W06178PFLE0,54
W00572PAPP0,W06178PFLE0,148
W00572PAPP0,W06178PFLE0,45
W00572PAPP0,W06254QAPP0,15
W00572PAPP0,W06254QAPP0,18
W00572PAPP0,W06254QAPP0,42
W00572PAPP0,W06254QAPP0,47
W00572PAPP0,W06254QAPP0,154
W00572PAPP0,W06254QAPP0,7
W00572PAPP0,W06255QSQL0,14
W00572PAPP0,W06255QSQL0,6
W00572PAPP0,W06255QSQL0,17
W00572PAPP0,W06255QSQL0,24
W00572PAPP0,W06255QSQL0,113
W00572PAPP0,W06255QSQL0,3
W00572PAPP0,W06297QNOD1,12
W00572PAPP0,W06297QNOD1,15
W00572PAPP0,W06297QNOD1,24
W00572PAPP0,W06297QNOD1,31
W00572PAPP0,W06297QNOD1,132
W00572PAPP0,W06297QNOD1,3
W00572PAPP0,W06297QNOD2,11
W00572PAPP0,W06297QNOD2,2
W00572PAPP0,W06297QNOD2,14
W00572PAPP0,W06297QNOD2,21
W00572PAPP0,W06297QNOD2,106
W00572PAPP0,W06297QNOD2,2
W00572PAPP0,W06307PSQL0,16
W00572PAPP0,W06307PSQL0,17
W00572PAPP0,W06307PSQL0,40
W00572PAPP0,W06307PSQL0,42
W00572PAPP0,W06307PSQL0,137
W00572PAPP0,W06307PSQL0,15
W00572PAPP0,W06353PCXW0,10
W00572PAPP0,W06353PCXW0,16
W00572PAPP0,W06353PCXW0,39
W00572PAPP0,W06353PCXW0,40
W00572PAPP0,W06353PCXW0,129
W00572PAPP0,W06353PCXW0,27
W00572PAPP0,W06423QSQL0,13
W00572PAPP0,W06423QSQL0,15
W00572PAPP0,W06423QSQL0,29
W00572PAPP0,W06423QSQL0,49
W00572PAPP0,W06423QSQL0,156
W00572PAPP0,W06423QSQL0,4
W00572PAPP0,W06445PNCE0,2
W00572PAPP0,W06445PNCE0,24
W00572PAPP0,W06445PNCE0,38
W00572PAPP0,W06445PNCE0,8
W00572PAPP0,W06445PNCE0,109
W00572PAPP0,W06445PNCE0,19
W00572PAPP0,W06448PSQL0,14
W00572PAPP0,W06448PSQL0,9
W00572PAPP0,W06448PSQL0,18
W00572PAPP0,W06448PSQL0,46
W00572PAPP0,W06448PSQL0,11
W00572PAPP0,W06448PSQL0,118
W00572PAPP0,W06449PNCE0,11
W00572PAPP0,W06449PNCE0,16
W00572PAPP0,W06449PNCE0,30
W00572PAPP0,W06449PNCE0,43
W00572PAPP0,W06449PNCE0,129
W00572PAPP0,W06449PNCE0,23
W00572PAPP0,W06450PNCE0,17
W00572PAPP0,W06450PNCE0,9
W00572PAPP0,W06450PNCE0,12
W00572PAPP0,W06450PNCE0,31
W00572PAPP0,W06450PNCE0,119
W00572PAPP0,W06450PNCE0,24
W00572PAPP0,W06451PNCE0,13
W00572PAPP0,W06451PNCE0,9
W00572PAPP0,W06451PNCE0,24
W00572PAPP0,W06451PNCE0,25
W00572PAPP0,W06451PNCE0,12
W00572PAPP0,W06451PNCE0,83
W00572PAPP0,W06532PAPP0,12
W00572PAPP0,W06532PAPP0,14
W00572PAPP0,W06532PAPP0,31
W00572PAPP0,W06532PAPP0,39
W00572PAPP0,W06532PAPP0,141
W00572PAPP0,W06532PAPP0,32
W00572PAPP0,W06545PNOD1,31
W00572PAPP0,W06545PNOD1,4
W00572PAPP0,W06545PNOD1,28
W00572PAPP0,W06545PNOD1,59
W00572PAPP0,W06545PNOD1,10
W00572PAPP0,W06545PNOD1,3
W00572PAPP0,W06545PNOD1,15
W00572PAPP0,W06545PNOD1,56
W00572PAPP0,W06545PNOD1,130
W00572PAPP0,W06545PNOD1,65
W00572PAPP0,W06545PNOD1,16
W00572PAPP0,W06545PNOD1,5
W00572PAPP0,W06545PNOD1,156
W00572PAPP0,W06545PNOD1,5
W00572PAPP0,W06545PNOD1,476
W00572PAPP0,W06545PNOD1,9
W00572PAPP0,W06545PNOD1,3
W00572PAPP0,W06545PNOD1,52
W00572PAPP0,W06545PNOD2,14
W00572PAPP0,W06545PNOD2,25
W00572PAPP0,W06545PNOD2,26
W00572PAPP0,W06545PNOD2,48
W00572PAPP0,W06545PNOD2,18
W00572PAPP0,W06545PNOD2,90
W00572PAPP0,W06559PAPP0,14
W00572PAPP0,W06559PAPP0,7
W00572PAPP0,W06559PAPP0,16
W00572PAPP0,W06559PAPP0,29
W00572PAPP0,W06559PAPP0,25
W00572PAPP0,W06559PAPP0,86
W00572PAPP0,W06625QAPP0,22
W00572PAPP0,W06625QAPP0,24
W00572PAPP0,W06625QAPP0,41
W00572PAPP0,W06625QAPP0,47
W00572PAPP0,W06625QAPP0,128
W00572PAPP0,W06625QAPP0,7
W00572PAPP0,W06626QAPP0,21
W00572PAPP0,W06626QAPP0,41
W00572PAPP0,W06626QAPP0,52
W00572PAPP0,W06626QAPP0,191
W00572PAPP0,W06626QAPP0,3
W00572PAPP0,W06627QNOD1,22
W00572PAPP0,W06627QNOD1,32
W00572PAPP0,W06627QNOD1,43
W00572PAPP0,W06627QNOD1,57
W00572PAPP0,W06627QNOD1,10
W00572PAPP0,W06627QNOD1,173
W00572PAPP0,W06627QNOD2,23
W00572PAPP0,W06627QNOD2,24
W00572PAPP0,W06627QNOD2,1
W00572PAPP0,W06627QNOD2,32
W00572PAPP0,W06627QNOD2,38
W00572PAPP0,W06627QNOD2,1
W00572PAPP0,W06627QNOD2,2
W00572PAPP0,W06627QNOD2,12
W00572PAPP0,W06627QNOD2,172
W00572PAPP0,W06627QNOD2,1
W00572PAPP0,W06627QNOD2,2
W00572PAPP0,W06682EAPP0,15
W00572PAPP0,W06682EAPP0,37
W00572PAPP0,W06682EAPP0,15
W00572PAPP0,W06682EAPP0,155
W00572PAPP0,W06761PSQL0,24
W00572PAPP0,W06761PSQL0,38
W00572PAPP0,W06761PSQL0,43
W00572PAPP0,W06761PSQL0,55
W00572PAPP0,W06761PSQL0,154
W00572PAPP0,W06761PSQL0,18
W00572PAPP0,W06779QAPP0,25
W00572PAPP0,W06779QAPP0,36
W00572PAPP0,W06779QAPP0,40
W00572PAPP0,W06779QAPP0,55
W00572PAPP0,W06779QAPP0,206
W00572PAPP0,W06779QAPP0,5
W00572PAPP0,W06791PAPP0,21
W00572PAPP0,W06791PAPP0,353
W00572PAPP0,W06791PAPP0,48
W00572PAPP0,W06791PAPP0,135
W00572PAPP0,Weblogic-12-Auto_0000000002,2
W00572PAPP0,Weblogic-12-Auto_0000000002,4
W00572PAPP0,WP-BTGChile-L2023_0000000003,11
W00572PAPP0,WP-BTGChile-L2023_0000000003,9
W00707PFLE0,NSCL169PFAP,1
W00707PFLE0,NSCL169PFAP,7
W00707PFLE0,W00928PFLE0,715
W00707PFLE0,W00928PFLE0,939
W00708PAPP0,W06791PAPP0,400
W00875DFLE0,W05691PAPP0,2
W00928PFLE0,NSCL169PFAP,4
W00928PFLE0,NSCL169PFAP,7
W00928PFLE0,W00707PFLE0,1
W00928PFLE0,W00707PFLE0,1
W00928PFLE0,W00707PFLE0,1
W00928PFLE0,W00707PFLE0,326
W01345PAPP0,W06791PAPP0,389
W01605PAPP0,NSCL169PFAP,23
W01605PAPP0,NSCL169PFAP,24
W01605PAPP0,W01608PNOD1,6186
W01605PAPP0,W01608PNOD1,206
W01605PAPP0,W01608PNOD1,618
W01605PAPP0,W01608PNOD1,7531
W01605PAPP0,W01608PNOD1,21
W01605PAPP0,W01608PNOD1,1256
W01606PAPP0,L05528PNOD1,1
W01606PAPP0,L05528PNOD1,1
W01606PAPP0,L05528PNOD1,1
W01606PAPP0,L05528PNOD1,1
W01606PAPP0,L05528PNOD2,1
W01606PAPP0,L05528PNOD2,1
W01606PAPP0,L05528PNOD2,1
W01606PAPP0,W01605PAPP0,380
W01606PAPP0,W01605PAPP0,412
W01606PAPP0,W01608PNOD1,566
W01606PAPP0,W01608PNOD1,557
W01606PAPP0,W01608PNOD1,41
W01606PAPP0,W03900PMBX0,1
W01606PAPP0,W03900PMBX0,1
W01606PAPP0,W03900PMBX0,1
W01608PNOD1,L05528PNOD1,11
W01608PNOD1,L05528PNOD1,1
W01608PNOD1,L05528PNOD1,2
W01608PNOD1,L05528PNOD1,41
W01608PNOD1,L05528PNOD1,53
W01608PNOD1,L05528PNOD1,2
W01608PNOD1,L05528PNOD1,4
W01608PNOD1,L05528PNOD1,2
W01608PNOD1,L05528PNOD1,3
W01608PNOD1,L05528PNOD1,5
W01608PNOD1,L05528PNOD2,23
W01608PNOD1,L05528PNOD2,1
W01608PNOD1,L05528PNOD2,44
W01608PNOD1,L05528PNOD2,63
W01608PNOD1,L05528PNOD2,2
W01608PNOD1,L05528PNOD2,1
W01608PNOD1,L05528PNOD2,10
W01608PNOD1,W00707PFLE0,135
W01608PNOD1,W00707PFLE0,188
W01608PNOD1,W06791PAPP0,435
W01725UAPP0,NSCL169PFAP,1
W01725UAPP0,W00707PFLE0,2
W01725UAPP0,W00928PFLE0,1
W01725UAPP0,W05691PAPP0,2
W01725UAPP0,W05691PAPP0,2
W01725UAPP0,W05691PAPP0,5
W01725UAPP0,W06178PFLE0,6
W02475PAPP0,L05528PNOD1,3
W02475PAPP0,L05528PNOD1,2
W02475PAPP0,L05528PNOD1,8
W02475PAPP0,L05528PNOD1,1
W02475PAPP0,L05528PNOD1,5
W02475PAPP0,L05528PNOD1,2
W02475PAPP0,L05528PNOD1,2
W02475PAPP0,L05528PNOD1,6
W02475PAPP0,L05528PNOD1,2
W02475PAPP0,L05528PNOD1,6
W02475PAPP0,L05528PNOD1,16
W02475PAPP0,L05528PNOD1,4
W02475PAPP0,L05528PNOD1,14
W02475PAPP0,L05528PNOD2,4
W02475PAPP0,L05528PNOD2,2
W02475PAPP0,L05528PNOD2,7
W02475PAPP0,L05528PNOD2,1
W02475PAPP0,L05528PNOD2,3
W02475PAPP0,L05528PNOD2,1
W02475PAPP0,L05528PNOD2,6
W02475PAPP0,L05528PNOD2,17
W02475PAPP0,L05528PNOD2,4
W02475PAPP0,L05528PNOD2,4
W02476PAPP0,L05528PNOD1,4
W02476PAPP0,L05528PNOD1,2
W02476PAPP0,L05528PNOD1,2
W02476PAPP0,L05528PNOD1,14
W02476PAPP0,L05528PNOD1,1
W02476PAPP0,L05528PNOD1,12
W02476PAPP0,L05528PNOD1,4
W02476PAPP0,L05528PNOD1,2
W02476PAPP0,L05528PNOD1,6
W02476PAPP0,L05528PNOD1,6
W02476PAPP0,L05528PNOD1,17
W02476PAPP0,L05528PNOD1,6
W02476PAPP0,L05528PNOD1,20
W02476PAPP0,L05528PNOD1,12
W02476PAPP0,L05528PNOD1,18
W02476PAPP0,L05528PNOD1,2
W02476PAPP0,L05528PNOD2,3
W02476PAPP0,L05528PNOD2,2
W02476PAPP0,L05528PNOD2,11
W02476PAPP0,L05528PNOD2,2
W02476PAPP0,L05528PNOD2,11
W02476PAPP0,L05528PNOD2,9
W02476PAPP0,L05528PNOD2,23
W02476PAPP0,L05528PNOD2,6
W02476PAPP0,L05528PNOD2,2
W02476PAPP0,W06791PAPP0,281
W02509PAPP0,W00707PFLE0,1
W02509PAPP0,W05691PAPP0,2
W02509PAPP0,W05691PAPP0,1
W02509PAPP0,W06545PNOD1,1
W02509PAPP0,W06545PNOD1,24
W02509PAPP0,W06545PNOD1,3732
W02509PAPP0,W06545PNOD1,42
W02509PAPP0,W06545PNOD1,848
W02509PAPP0,W06545PNOD1,30
W02509PAPP0,W06545PNOD1,1068
W02509PAPP0,W06791PAPP0,350
W02510PAPP1,W02509PAPP0,13
W02510PAPP1,W02509PAPP0,6
W02510PAPP1,W02509PAPP0,5
W02510PAPP1,W05691PAPP0,1
W02510PAPP1,W05691PAPP0,1
W02510PAPP1,W05691PAPP0,1
W02510PAPP1,W06545PNOD1,3
W02510PAPP1,W06545PNOD1,25
W02510PAPP1,W06545PNOD1,3586
W02510PAPP1,W06545PNOD1,42
W02510PAPP1,W06545PNOD1,794
W02510PAPP1,W06545PNOD1,56
W02510PAPP1,W06545PNOD1,1152
W02561PAPP0,W00571PAPP0,208
W02561PAPP0,W00572PAPP0,173
W02561PAPP0,W00572PAPP0,45
W02561PAPP0,W03900PMBX0,1
W02561PAPP0,W03900PMBX0,2
W02763PAPP1,NSCL169PFAP,2
W02763PAPP1,W00707PFLE0,1
W02763PAPP1,W00707PFLE0,2
W02763PAPP1,W02764PNOD2,6
W02763PAPP1,W02764PNOD2,1714
W02763PAPP1,W02764PNOD2,1
W02763PAPP1,W02764PNOD2,100
W02763PAPP1,W02764PNOD2,894
W02763PAPP1,W03900PMBX0,221
W02763PAPP1,W03900PMBX0,3
W02763PAPP1,W05053PNOD1,1
W02763PAPP1,W05416PPSC0,1
W02763PAPP1,W05416PPSC0,1
W02763PAPP1,W05691PAPP0,1
W02763PAPP1,W05691PAPP0,2
W02763PAPP1,W05691PAPP0,2
W02763PAPP1,W06791PAPP0,290
W02763PAPP2,NSCL169PFAP,1
W02763PAPP2,W00707PFLE0,1
W02763PAPP2,W00707PFLE0,2
W02763PAPP2,W02763PAPP1,1
W02763PAPP2,W02764PNOD2,2
W02763PAPP2,W02764PNOD2,1978
W02763PAPP2,W02764PNOD2,269
W02763PAPP2,W02764PNOD2,1855
W02763PAPP2,W03900PMBX0,105
W02763PAPP2,W03900PMBX0,19
W02763PAPP2,W05053PNOD1,1
W02763PAPP2,W05053PNOD1,1
W02763PAPP2,W05053PNOD1,1
W02763PAPP2,W05691PAPP0,1
W02763PAPP2,W05691PAPP0,2
W02763PAPP2,W05691PAPP0,2
W02763PAPP2,W06791PAPP0,473
W02764PNOD2,L05528PNOD1,1
W02764PNOD2,L05528PNOD1,1
W02764PNOD2,L05528PNOD1,1
W02764PNOD2,L05528PNOD1,2
W02764PNOD2,L05528PNOD1,1
W02764PNOD2,L05528PNOD2,1
W02764PNOD2,L05528PNOD2,1
W02764PNOD2,L05528PNOD2,1
W02764PNOD2,L05528PNOD2,1
W02764PNOD2,W02764PNOD2,2
W02764PNOD2,W02764PNOD2,4
W02764PNOD2,W02764PNOD2,15
W02764PNOD2,W02764PNOD2,24
W02764PNOD2,W02764PNOD2,201
W02764PNOD2,W02764PNOD2,59
W02764PNOD2,W02764PNOD2,59
W02764PNOD2,W02764PNOD2,244
W02764PNOD2,W02764PNOD2,59
W02764PNOD2,W02764PNOD2,59
W02764PNOD2,W02764PNOD2,26
W02764PNOD2,W02764PNOD2,335
W02764PNOD2,W02764PNOD3,1
W02764PNOD2,W02764PNOD3,2
W02764PNOD2,W02764PNOD3,201
W02764PNOD2,W02764PNOD3,66
W02764PNOD2,W02764PNOD3,57
W02764PNOD2,W02764PNOD3,115
W02764PNOD2,W02764PNOD3,122
W02764PNOD2,W02764PNOD3,190
W02764PNOD2,W02764PNOD3,3
W02764PNOD2,W02764PNOD3,2
W02764PNOD2,W02764PNOD3,239
W02764PNOD2,W02764PNOD3,3
W02764PNOD2,W02764PNOD3,4
W02764PNOD2,W02764PNOD3,38
W02764PNOD2,W02894QNOD2,1
W02764PNOD2,W03210DSQL0,6
W02764PNOD2,W03210DSQL0,7
W02764PNOD2,W03211DSQL0,2
W02764PNOD2,W03537QSQL0,1
W02764PNOD2,W03900PMBX0,1
W02764PNOD2,W03900PMBX0,2
W02764PNOD2,W03900PMBX0,1
W02764PNOD2,W03900PMBX0,1
W02764PNOD2,W05247PNOD2,1
W02764PNOD2,W05686PNOD1,5
W02764PNOD2,W05686PNOD1,1
W02764PNOD2,W06307PSQL0,1
W02764PNOD2,W06307PSQL0,2
W02764PNOD3,W02764PNOD2,2
W02764PNOD3,W02764PNOD2,1
W02764PNOD3,W02764PNOD2,1
W02764PNOD3,W02764PNOD3,3
W02764PNOD3,W03900PMBX0,1
W02764PNOD3,W06791PAPP0,443
W02823PAPP0,L05528PNOD1,1
W02823PAPP0,L05528PNOD1,4
W02823PAPP0,L05528PNOD1,4
W02823PAPP0,L05528PNOD1,8
W02823PAPP0,L05528PNOD1,1
W02823PAPP0,L05528PNOD1,10
W02823PAPP0,L05528PNOD1,8
W02823PAPP0,L05528PNOD1,1
W02823PAPP0,L05528PNOD1,11
W02823PAPP0,L05528PNOD1,7
W02823PAPP0,L05528PNOD1,22
W02823PAPP0,L05528PNOD1,2
W02823PAPP0,L05528PNOD1,2
W02823PAPP0,L05528PNOD1,1
W02823PAPP0,L05528PNOD2,2
W02823PAPP0,L05528PNOD2,2
W02823PAPP0,L05528PNOD2,2
W02823PAPP0,L05528PNOD2,1
W02823PAPP0,L05528PNOD2,2
W02823PAPP0,L05528PNOD2,54
W02823PAPP0,L05528PNOD2,1
W02823PAPP0,L05528PNOD2,2
W02823PAPP0,L05528PNOD2,14
W02823PAPP0,L05528PNOD2,12
W02823PAPP0,W02825PNOD1,2
W02823PAPP0,W02825PNOD1,5
W02823PAPP0,W02825PNOD1,2
W02823PAPP0,W02825PNOD1,2
W02824PAPP0,W05691PAPP0,1
W02824PAPP0,W05691PAPP0,1
W02824PAPP0,W05691PAPP0,1
W02824PAPP0,W06791PAPP0,473
W02825PNOD1,W02765PSQL0,1
W02825PNOD1,W02823PAPP0,3
W02825PNOD1,W02823PAPP0,11
W02825PNOD1,W02823PAPP0,1
W02825PNOD1,W02825PNOD1,4
W02825PNOD1,W02825PNOD1,19
W02825PNOD1,W02825PNOD1,21
W02825PNOD1,W02825PNOD1,214
W02825PNOD1,W02825PNOD1,258
W02825PNOD1,W02825PNOD1,3175
W02825PNOD1,W02825PNOD1,205
W02825PNOD1,W02825PNOD1,9
W02825PNOD2,W02825PNOD1,2
W02825PNOD2,W02825PNOD1,1
W02825PNOD2,W02825PNOD1,1
W02857PAPP0,L03087PAPP0,134
W02857PAPP0,L03087PAPP0,207
W02857PAPP0,W00707PFLE0,5
W02857PAPP0,W00707PFLE0,6
W02857PAPP0,W02975PAPP0,1
W02857PAPP0,W03212DAPP0,4
W02857PAPP0,W03804QAPP0,1
W02857PAPP0,W03900PMBX0,1
W02857PAPP0,W04048QAPP0,4
W02857PAPP0,W04049PAPP0,3
W02857PAPP0,W04049PAPP0,7
W02857PAPP0,W04049PAPP0,6
W02857PAPP0,W04049PAPP0,1
W02857PAPP0,W04050PAPP0,3
W02857PAPP0,W04050PAPP0,7
W02857PAPP0,W04050PAPP0,5
W02857PAPP0,W04050PAPP0,1
W02857PAPP0,W04050PAPP0,3
W02857PAPP0,W04051PAPP0,3
W02857PAPP0,W04051PAPP0,3
W02857PAPP0,W04051PAPP0,4
W02857PAPP0,W05640QAPP0,2
W02857PAPP0,W05641QAPP0,4
W02857PAPP0,W05691PAPP0,1
W02857PAPP0,W05730DAPP0,4
W02857PAPP0,W05888QAPP0,4
W02857PAPP0,W05888QAPP0,4
W02857PAPP0,W05888QAPP0,3
W02857PAPP0,W05888QAPP0,3
W02857PAPP0,W05889QAPP0,4
W02857PAPP0,W05889QAPP0,7
W02872PAPP0,L04160PAPP0,1
W02872PAPP0,L04160PAPP0,1
W02872PAPP0,L04160PAPP0,1
W02872PAPP0,W05691PAPP0,1
W02872PAPP0,W05691PAPP0,1
W02872PAPP0,W06791PAPP0,480
W02894QNOD1,W05691PAPP0,2
W02894QNOD1,W05691PAPP0,5
W02894QNOD2,W05691PAPP0,11
W02895QAPP0,W05691PAPP0,1
W02896QAPP0,W05691PAPP0,1
W02897UAPP0,W05691PAPP0,8
W02952QNOD1,W05691PAPP0,9
W02952QNOD1,W05691PAPP0,2
W02952QNOD1,W05691PAPP0,14
W02952QNOD2,W05691PAPP0,5
W02952QNOD2,W05691PAPP0,1
W02952QNOD2,W05691PAPP0,8
W02954QAPP0,W05691PAPP0,8
W02957EAPP0,NSCL169PFAP,1
W02957EAPP0,S02969PAPP0,1720
W02957EAPP0,S02969PAPP0,1820
W02957EAPP0,S02969PAPP0,1720
W02957EAPP0,S02969PAPP0,4120
W02957EAPP0,S02969PAPP0,1
W02957EAPP0,S02969PAPP0,4
W02957EAPP0,S02969PAPP0,4
W02957EAPP0,W00707PFLE0,1
W02957EAPP0,W00707PFLE0,2
W02957EAPP0,W05416PPSC0,1
W02957EAPP0,W05416PPSC0,4
W02957EAPP0,W05416PPSC0,1
W02957EAPP0,W05416PPSC0,1
W02957EAPP0,W05639QNOD1,1
W02957EAPP0,W05639QNOD1,1
W02957EAPP0,W05639QNOD1,3
W02957EAPP0,W05639QNOD1,1
W02957EAPP0,W05639QNOD1,1
W02957EAPP0,W05691PAPP0,1
W02957EAPP0,W05691PAPP0,1
W02957EAPP0,W05691PAPP0,2
W02957EAPP0,W06791PAPP0,407
W02975PAPP0,NSCL047PMBX,1
W02975PAPP0,NSCL047PMBX,4
W02975PAPP0,NSCL047PMBX,2
W02975PAPP0,NSCL169PFAP,4
W02975PAPP0,NSCL169PFAP,7
W02975PAPP0,NSCL169PFAP,1
W02975PAPP0,NSCL169PFAP,7
W02975PAPP0,NSCL169PFAP,13
W02975PAPP0,NSCL169PFAP,16
W02975PAPP0,NSCL169PFAP,7
W02975PAPP0,NSCL169PFAP,8
W02975PAPP0,W00707PFLE0,2
W02975PAPP0,W00707PFLE0,5
W02975PAPP0,W00707PFLE0,3
W02975PAPP0,W00707PFLE0,5
W02975PAPP0,W00707PFLE0,135
W02975PAPP0,W00707PFLE0,160
W02975PAPP0,W00707PFLE0,5
W02975PAPP0,W00707PFLE0,1
W02975PAPP0,W00707PFLE0,10
W02975PAPP0,W03900PMBX0,1
W02975PAPP0,W03900PMBX0,4
W02975PAPP0,W05691PAPP0,1
W02975PAPP0,W05691PAPP0,2
W02975PAPP0,W05691PAPP0,1
W03014PAPP0,L03074PAPP0,32
W03014PAPP0,L03074PAPP0,16
W03014PAPP0,L03074PAPP0,400
W03014PAPP0,L03074PAPP0,672
W03014PAPP0,L03075PAPP0,210
W03014PAPP0,L03075PAPP0,1800
W03014PAPP0,L03075PAPP0,2000
W03014PAPP0,L03075PAPP0,1400
W03014PAPP0,L03075PAPP0,333
W03014PAPP0,L03075PAPP0,1400
W03014PAPP0,L03075PAPP0,1000
W03014PAPP0,L03075PAPP0,105
W03014PAPP0,L05528PNOD1,15
W03014PAPP0,L05528PNOD1,210
W03014PAPP0,L05528PNOD1,32
W03014PAPP0,L05528PNOD1,10
W03014PAPP0,L05528PNOD1,1
W03014PAPP0,L05528PNOD1,122
W03014PAPP0,L05528PNOD1,24
W03014PAPP0,L05528PNOD1,2
W03014PAPP0,L05528PNOD2,90
W03014PAPP0,L05528PNOD2,32
W03014PAPP0,L05528PNOD2,57
W03014PAPP0,L05528PNOD2,1
W03014PAPP0,L05528PNOD2,32
W03014PAPP0,L05528PNOD2,2
W03014PAPP0,W00707PFLE0,135
W03014PAPP0,W00707PFLE0,200
W03014PAPP0,W03015PAPP0,82
W03014PAPP0,W03015PAPP0,82
W03014PAPP0,W03015PAPP0,27
W03014PAPP0,W03015PAPP0,30
W03014PAPP0,W03015PAPP0,82
W03014PAPP0,W03015PAPP0,82
W03014PAPP0,W03015PAPP0,101
W03014PAPP0,W03015PAPP0,1
W03014PAPP0,W03073PNOD1,128
W03014PAPP0,W03073PNOD1,37
W03014PAPP0,W03073PNOD1,4
W03014PAPP0,W03073PNOD1,112
W03014PAPP0,W03073PNOD1,212
W03014PAPP0,W03073PNOD1,31
W03014PAPP0,W03073PNOD1,2
W03014PAPP0,W03073PNOD1,479
W03014PAPP0,W03073PNOD1,57
W03014PAPP0,W05686PNOD1,190
W03014PAPP0,W05686PNOD1,203
W03014PAPP0,W05686PNOD1,48
W03015PAPP0,L03074PAPP0,777
W03015PAPP0,L03075PAPP0,1442
W03015PAPP0,L03075PAPP0,112
W03015PAPP0,NSCL169PFAP,1
W03015PAPP0,NSCL169PFAP,6
W03015PAPP0,W00707PFLE0,135
W03015PAPP0,W00707PFLE0,206
W03015PAPP0,W03014PAPP0,4
W03015PAPP0,W03022PNOD1,175
W03015PAPP0,W03022PNOD1,188
W03015PAPP0,W03022PNOD1,15
W03015PAPP0,W03073PNOD1,225
W03015PAPP0,W03073PNOD1,137
W03015PAPP0,W03073PNOD1,331
W03015PAPP0,W03073PNOD1,23
W03015PAPP0,W05691PAPP0,1
W03015PAPP0,W05691PAPP0,2
W03015PAPP0,W06791PAPP0,485
W03022PNOD1,NSCL169PFAP,1
W03022PNOD1,S03018PAPP0,11
W03022PNOD1,S03018PAPP0,885
W03022PNOD1,S03018PAPP0,870
W03022PNOD1,S03018PAPP0,12
W03022PNOD1,S03018PAPP0,39
W03022PNOD1,S03018PAPP0,3
W03022PNOD1,S03018PAPP0,3
W03022PNOD1,S03019PAPP0,10
W03022PNOD1,S03019PAPP0,884
W03022PNOD1,S03019PAPP0,870
W03022PNOD1,S03019PAPP0,12
W03022PNOD1,S03019PAPP0,28
W03022PNOD1,S03019PAPP0,3
W03022PNOD1,S03019PAPP0,3
W03022PNOD1,W00707PFLE0,135
W03022PNOD1,W00707PFLE0,208
W03022PNOD1,W03022PNOD1,3
W03022PNOD1,W03022PNOD1,65
W03022PNOD1,W03022PNOD1,3
W03022PNOD1,W03022PNOD1,88
W03022PNOD1,W03022PNOD1,389
W03022PNOD1,W03022PNOD1,88
W03022PNOD1,W03022PNOD1,168
W03022PNOD1,W03022PNOD1,3
W03022PNOD1,W03022PNOD1,156
W03022PNOD1,W03022PNOD1,54
W03022PNOD1,W03022PNOD1,54
W03022PNOD1,W03022PNOD1,8
W03022PNOD1,W03022PNOD1,8
W03022PNOD1,W03022PNOD1,100
W03022PNOD1,W03022PNOD1,154
W03022PNOD1,W03022PNOD1,54
W03022PNOD1,W03022PNOD1,6
W03022PNOD1,W03022PNOD1,498
W03022PNOD1,W03022PNOD1,3764
W03022PNOD1,W03022PNOD1,1
W03022PNOD1,W03022PNOD2,925
W03022PNOD1,W03022PNOD2,84
W03022PNOD1,W03022PNOD2,82
W03022PNOD1,W03022PNOD2,82
W03022PNOD1,W03022PNOD2,163
W03022PNOD1,W03022PNOD2,245
W03022PNOD1,W03022PNOD2,82
W03022PNOD1,W03022PNOD2,82
W03022PNOD1,W03022PNOD2,208
W03022PNOD1,W03022PNOD2,208
W03022PNOD1,W03022PNOD2,88
W03022PNOD1,W03022PNOD2,52
W03022PNOD1,W03022PNOD2,62
W03022PNOD1,W03022PNOD2,4
W03022PNOD1,W03022PNOD2,8
W03022PNOD1,W03022PNOD2,68
W03022PNOD1,W03022PNOD2,88
W03022PNOD1,W03022PNOD2,202
W03022PNOD1,W03022PNOD2,16
W03022PNOD1,W03022PNOD2,222
W03022PNOD1,W03022PNOD2,618
W03022PNOD1,W03022PNOD2,2
W03022PNOD1,W03022PNOD2,1653
W03022PNOD1,W03022PNOD2,1
W03022PNOD1,W03022PNOD2,3
W03022PNOD2,NSCL169PFAP,1
W03022PNOD2,W00707PFLE0,135
W03022PNOD2,W00707PFLE0,202
W03022PNOD2,W03022PNOD1,1
W03022PNOD2,W03022PNOD1,312
W03022PNOD2,W03022PNOD1,824
W03022PNOD2,W03022PNOD1,390
W03022PNOD2,W03022PNOD1,85
W03022PNOD2,W03022PNOD1,83
W03022PNOD2,W03022PNOD1,82
W03022PNOD2,W03022PNOD1,165
W03022PNOD2,W03022PNOD1,166
W03022PNOD2,W03022PNOD1,82
W03022PNOD2,W03022PNOD1,82
W03022PNOD2,W03022PNOD1,61
W03022PNOD2,W03022PNOD1,1
W03022PNOD2,W03022PNOD1,61
W03022PNOD2,W03022PNOD1,4
W03022PNOD2,W03022PNOD1,1
W03022PNOD2,W03022PNOD1,4
W03022PNOD2,W03022PNOD1,5
W03022PNOD2,W03022PNOD1,6
W03022PNOD2,W03022PNOD1,12
W03022PNOD2,W03022PNOD1,13
W03022PNOD2,W03022PNOD1,4
W03022PNOD2,W03022PNOD2,1
W03022PNOD2,W03022PNOD2,78
W03022PNOD2,W03022PNOD2,85
W03022PNOD2,W03022PNOD2,83
W03022PNOD2,W03022PNOD2,82
W03022PNOD2,W03022PNOD2,165
W03022PNOD2,W03022PNOD2,166
W03022PNOD2,W03022PNOD2,82
W03022PNOD2,W03022PNOD2,82
W03022PNOD2,W03022PNOD2,824
W03022PNOD2,W03022PNOD2,2
W03022PNOD2,W03022PNOD2,2
W03022PNOD2,W03022PNOD2,5
W03022PNOD2,W05691PAPP0,2
W03059PAPP0,NSCL169PFAP,2
W03059PAPP0,NSCL169PFAP,3
W03059PAPP0,W00707PFLE0,135
W03059PAPP0,W00707PFLE0,200
W03060PAPP0,W06791PAPP0,481
W03066UAPP0,W05691PAPP0,3
W03066UAPP0,W05691PAPP0,3
W03066UAPP0,W05691PAPP0,8
W03072USQL0,W05691PAPP0,2
W03072USQL0,W05691PAPP0,5
W03073PNOD1,W03073PNOD1,2
W03073PNOD1,W03073PNOD1,2
W03073PNOD1,W03073PNOD1,38
W03073PNOD1,W03073PNOD1,169
W03073PNOD1,W03073PNOD1,176
W03073PNOD1,W03073PNOD1,3
W03073PNOD1,W03073PNOD1,205
W03073PNOD1,W03073PNOD1,4
W03073PNOD1,W03073PNOD1,2600
W03073PNOD1,W03073PNOD1,1
W03073PNOD2,W03073PNOD1,1
W03095PNOD1,W03095PNOD1,10
W03095PNOD1,W03095PNOD1,1
W03095PNOD1,W03095PNOD1,2
W03095PNOD1,W03095PNOD1,133
W03095PNOD1,W03095PNOD1,16
W03095PNOD1,W03095PNOD1,16
W03095PNOD1,W03095PNOD1,269
W03095PNOD1,W03095PNOD1,124
W03095PNOD1,W03095PNOD1,2
W03095PNOD1,W03095PNOD1,16
W03095PNOD1,W03095PNOD1,1
W03095PNOD1,W03095PNOD1,16
W03095PNOD1,W03095PNOD1,1
W03095PNOD1,W03095PNOD1,84
W03095PNOD1,W03095PNOD1,3
W03095PNOD1,W03095PNOD1,2734
W03095PNOD1,W03095PNOD2,1
W03095PNOD1,W03095PNOD2,14
W03095PNOD1,W03095PNOD2,26
W03095PNOD1,W03095PNOD2,1
W03095PNOD1,W03095PNOD2,13
W03095PNOD1,W03095PNOD2,18
W03095PNOD1,W03095PNOD2,96
W03095PNOD1,W03095PNOD2,1
W03095PNOD1,W06791PAPP0,318
W03095PNOD2,W03095PNOD1,1
W03095PNOD2,W03095PNOD2,2987
W03095PNOD2,W05691PAPP0,2
W03095PNOD2,W06791PAPP0,479
W03096PAPP0,W03095PNOD1,2096
W03096PAPP0,W03095PNOD1,1343
W03096PAPP0,W03095PNOD1,149
W03096PAPP0,W05691PAPP0,1
W03096PAPP0,W05691PAPP0,2
W03096PAPP0,W06791PAPP0,491
W03097PAPP0,W03095PNOD1,6
W03097PAPP0,W03095PNOD1,130
W03097PAPP0,W03095PNOD1,2
W03097PAPP0,W03095PNOD1,126
W03097PAPP0,W05691PAPP0,1
W03097PAPP0,W05691PAPP0,1
W03097PAPP0,W05691PAPP0,1
W03107QAPP0,W05691PAPP0,6
W03108QAPP0,W05691PAPP0,2
W03108QAPP0,W05691PAPP0,1
W03108QAPP0,W05691PAPP0,7
W03110QNOD1,W05416PPSC0,1
W03110QNOD1,W05416PPSC0,1
W03110QNOD1,W05691PAPP0,1
W03110QNOD1,W05691PAPP0,5
W03110QNOD2,W05416PPSC0,1
W03110QNOD2,W05416PPSC0,2
W03110QNOD2,W05691PAPP0,5
W03110QNOD2,W05691PAPP0,2
W03110QNOD2,W05691PAPP0,6
W03139PAPP0,W02764PNOD2,781
W03139PAPP0,W02764PNOD2,15
W03139PAPP0,W02764PNOD2,723
W03139PAPP0,W03900PMBX0,1
W03139PAPP0,W05054PNOD1,764
W03139PAPP0,W05054PNOD1,16
W03139PAPP0,W05054PNOD1,701
W03139PAPP0,W05247PNOD2,596
W03139PAPP0,W05247PNOD2,12
W03139PAPP0,W05247PNOD2,709
W03139PAPP0,W05686PNOD1,736
W03139PAPP0,W05686PNOD1,12
W03139PAPP0,W05686PNOD1,643
W03156PNOD1,W03156PNOD1,10
W03156PNOD1,W03156PNOD1,10
W03156PNOD1,W03156PNOD1,7
W03156PNOD1,W03156PNOD1,135
W03156PNOD1,W03156PNOD1,145
W03156PNOD1,W03156PNOD1,7
W03156PNOD1,W05691PAPP0,1
W03156PNOD1,W06791PAPP0,326
W03156PNOD2,W03156PNOD2,1
W03156PNOD2,W03156PNOD2,2523
W03156PNOD2,W03156PNOD2,1
W03156PNOD2,W06791PAPP0,413
W03157PAPP0,L05528PNOD1,1
W03157PAPP0,L05528PNOD1,1
W03157PAPP0,L05528PNOD1,26
W03157PAPP0,L05528PNOD1,2
W03157PAPP0,L05528PNOD1,3
W03157PAPP0,L05528PNOD1,1
W03157PAPP0,L05528PNOD1,16
W03157PAPP0,L05528PNOD1,19
W03157PAPP0,L05528PNOD2,1
W03157PAPP0,L05528PNOD2,2
W03157PAPP0,L05528PNOD2,1
W03157PAPP0,L05528PNOD2,2
W03157PAPP0,L05528PNOD2,76
W03157PAPP0,L05528PNOD2,7
W03157PAPP0,L05528PNOD2,2
W03157PAPP0,L05528PNOD2,26
W03157PAPP0,W03156PNOD1,5
W03157PAPP0,W03156PNOD1,4
W03157PAPP0,W03156PNOD1,7
W03157PAPP0,W03158PAPP0,4
W03157PAPP0,W03158PAPP0,45
W03157PAPP0,W03158PAPP0,42
W03157PAPP0,W03158PAPP0,53
W03157PAPP0,W03158PAPP0,1
W03157PAPP0,W03158PAPP0,515
W03157PAPP0,W03158PAPP0,61
W03157PAPP0,W03900PMBX0,54
W03157PAPP0,W05011PAPP0,1
W03157PAPP0,W05011PAPP0,1
W03157PAPP0,W05691PAPP0,1
W03157PAPP0,W05691PAPP0,1
W03158PAPP0,L05528PNOD2,1
W03158PAPP0,L05528PNOD2,1
W03158PAPP0,W03156PNOD1,610
W03158PAPP0,W03156PNOD1,378
W03158PAPP0,W03156PNOD1,714
W03158PAPP0,W03156PNOD1,6
W03158PAPP0,W03157PAPP0,12
W03158PAPP0,W03157PAPP0,1
W03158PAPP0,W03157PAPP0,4
W03158PAPP0,W03157PAPP0,6
W03209DAPP0,W00707PFLE0,1
W03209DAPP0,W05691PAPP0,2
W03210DSQL0,W05691PAPP0,5
W03210DSQL0,W05691PAPP0,8
W03212DAPP0,L04011PAPP0,1
W03453PNOD1,W03453PNOD1,2668
W03453PNOD1,W03453PNOD1,1
W03453PNOD1,W03453PNOD2,133
W03453PNOD1,W03453PNOD2,184
W03453PNOD1,W06791PAPP0,428
W03453PNOD2,W03453PNOD1,1
W03453PNOD2,W03453PNOD1,1
W03453PNOD2,W03453PNOD2,2
W03453PNOD2,W03453PNOD2,21
W03453PNOD2,W03453PNOD2,42
W03453PNOD2,W03453PNOD2,133
W03453PNOD2,W03453PNOD2,196
W03453PNOD2,W03453PNOD2,158
W03453PNOD2,W05691PAPP0,3
W03537QSQL0,W05691PAPP0,2
W03807PAPP0,W03900PMBX0,1
W03807PAPP0,W03900PMBX0,1
W03807PAPP0,W05691PAPP0,2
W03807PAPP0,W06791PAPP0,243
W03866QNOD1,NSCL169PFAP,11
W03866QNOD1,W00707PFLE0,10
W03866QNOD1,W00928PFLE0,7
W03866QNOD1,W05691PAPP0,5
W03866QNOD1,W05691PAPP0,2
W03866QNOD1,W05691PAPP0,16
W03866QNOD1,W06178PFLE0,20
W03866QNOD2,W05691PAPP0,3
W03866QNOD2,W05691PAPP0,3
W03866QNOD2,W05691PAPP0,9
W03869PNOD1,W03869PNOD1,2658
W03869PNOD1,W03869PNOD1,1
W03869PNOD1,W05691PAPP0,3
W03869PNOD2,W00707PFLE0,1
W03869PNOD2,W00707PFLE0,5
W03869PNOD2,W03869PNOD1,1
W03869PNOD2,W03869PNOD2,2
W03869PNOD2,W03869PNOD2,2
W03869PNOD2,W03869PNOD2,122
W03869PNOD2,W03869PNOD2,124
W03869PNOD2,W03869PNOD2,1
W03869PNOD2,W03869PNOD2,198
W03869PNOD2,W04051PAPP0,1
W03869PNOD2,W05691PAPP0,1
W03869PNOD2,W05691PAPP0,2
W03869PNOD2,W05691PAPP0,4
W03900PMBX0,L04134PAPP0,1608
W03900PMBX0,L04134PAPP0,1
W03900PMBX0,L04134PAPP0,466
W03900PMBX0,W05691PAPP0,1
W03900PMBX0,W05691PAPP0,1
W03900PMBX0,W06791PAPP0,370
W03926PAPP0,L05528PNOD1,1
W03926PAPP0,L05528PNOD1,2
W03926PAPP0,L05528PNOD1,2
W03926PAPP0,L05528PNOD1,43
W03926PAPP0,L05528PNOD1,39
W03926PAPP0,L05528PNOD1,68
W03926PAPP0,L05528PNOD1,68
W03926PAPP0,L05528PNOD1,1
W03926PAPP0,L05528PNOD1,1
W03926PAPP0,L05528PNOD1,1
W03926PAPP0,L05528PNOD1,1
W03926PAPP0,L05528PNOD1,1
W03926PAPP0,L05528PNOD1,3
W03926PAPP0,L05528PNOD1,3
W03926PAPP0,L05528PNOD1,68
W03926PAPP0,L05528PNOD1,68
W03926PAPP0,L05528PNOD2,1
W03926PAPP0,L05528PNOD2,2
W03926PAPP0,L05528PNOD2,23
W03926PAPP0,L05528PNOD2,29
W03926PAPP0,L05528PNOD2,68
W03926PAPP0,L05528PNOD2,2
W03926PAPP0,L05528PNOD2,1
W03926PAPP0,L05528PNOD2,1
W03926PAPP0,L05528PNOD2,6
W03926PAPP0,L05528PNOD2,59
W03926PAPP0,W01608PNOD1,1
W03926PAPP0,W01608PNOD1,232
W03926PAPP0,W01608PNOD1,2
W03926PAPP0,W01608PNOD1,424
W03926PAPP0,W01608PNOD1,125
W03926PAPP0,W02764PNOD2,1
W03926PAPP0,W02764PNOD2,2
W03926PAPP0,W02764PNOD2,3
W03926PAPP0,W04150PSQL0,1
W03926PAPP0,W04150PSQL0,13
W03926PAPP0,W04150PSQL0,2
W03926PAPP0,W04150PSQL0,21
W03926PAPP0,W04150PSQL0,6
W03926PAPP0,W05686PNOD1,2
W03926PAPP0,W05686PNOD1,2
W03926PAPP0,W05686PNOD1,1
W03926PAPP0,W05686PNOD1,2
W04009PAPP0,L05528PNOD1,163
W04009PAPP0,L05528PNOD1,2
W04009PAPP0,L05528PNOD1,1
W04009PAPP0,L05528PNOD1,214
W04009PAPP0,L05528PNOD1,50
W04009PAPP0,L05528PNOD1,244
W04009PAPP0,L05528PNOD1,91
W04009PAPP0,L05528PNOD1,1
W04009PAPP0,L05528PNOD1,1
W04009PAPP0,L05528PNOD1,12
W04009PAPP0,L05528PNOD1,32
W04009PAPP0,L05528PNOD1,30
W04009PAPP0,L05528PNOD1,158
W04009PAPP0,L05528PNOD1,1
W04009PAPP0,L05528PNOD2,124
W04009PAPP0,L05528PNOD2,207
W04009PAPP0,L05528PNOD2,336
W04009PAPP0,L05528PNOD2,93
W04009PAPP0,L05528PNOD2,1
W04009PAPP0,L05528PNOD2,39
W04009PAPP0,L05528PNOD2,156
W04009PAPP0,L05528PNOD2,1
W04009PAPP0,W01608PNOD1,3
W04009PAPP0,W01608PNOD1,2
W04009PAPP0,W01608PNOD1,1
W04009PAPP0,W02764PNOD2,3
W04009PAPP0,W02764PNOD2,3
W04009PAPP0,W02764PNOD2,1
W04009PAPP0,W02825PNOD1,3
W04009PAPP0,W02825PNOD1,2
W04009PAPP0,W02825PNOD1,1
W04009PAPP0,W03869PNOD2,1
W04009PAPP0,W03869PNOD2,1
W04009PAPP0,W03869PNOD2,1
W04009PAPP0,W03900PMBX0,5
W04009PAPP0,W03900PMBX0,2
W04009PAPP0,W03900PMBX0,1
W04009PAPP0,W03900PMBX0,17
W04009PAPP0,W04013PSQL0,1082
W04009PAPP0,W04013PSQL0,207
W04009PAPP0,W04013PSQL0,7
W04009PAPP0,W04013PSQL0,855
W04009PAPP0,W04013PSQL0,157
W04013PSQL0,W06791PAPP0,260
W04048QAPP0,L04011PAPP0,1
W04048QAPP0,L04011PAPP0,1
W04048QAPP0,NSCL169PFAP,4
W04048QAPP0,W00707PFLE0,4
W04048QAPP0,W00928PFLE0,1
W04048QAPP0,W05691PAPP0,6
W04048QAPP0,W06178PFLE0,1
W04049PAPP0,L05528PNOD1,1
W04049PAPP0,L05528PNOD1,2
W04049PAPP0,L05528PNOD1,160
W04049PAPP0,L05528PNOD1,160
W04049PAPP0,L05528PNOD1,436
W04049PAPP0,L05528PNOD1,2
W04049PAPP0,L05528PNOD1,25
W04049PAPP0,L05528PNOD1,1
W04049PAPP0,L05528PNOD1,4
W04049PAPP0,L05528PNOD1,6
W04049PAPP0,L05528PNOD1,6
W04049PAPP0,L05528PNOD1,520
W04049PAPP0,L05528PNOD1,344
W04049PAPP0,L05528PNOD1,474
W04049PAPP0,L05528PNOD1,202
W04049PAPP0,L05528PNOD1,424
W04049PAPP0,L05528PNOD2,2
W04049PAPP0,L05528PNOD2,150
W04049PAPP0,L05528PNOD2,277
W04049PAPP0,L05528PNOD2,1
W04049PAPP0,L05528PNOD2,26
W04049PAPP0,L05528PNOD2,2
W04049PAPP0,L05528PNOD2,1
W04049PAPP0,L05528PNOD2,487
W04049PAPP0,L05528PNOD2,130
W04049PAPP0,L05528PNOD2,76
W04049PAPP0,L05528PNOD2,1
W04049PAPP0,NSCL138PAPP,6
W04049PAPP0,NSCL138PAPP,53
W04049PAPP0,NSCL138PAPP,17
W04049PAPP0,NSCL138PAPP,1
W04049PAPP0,NSCL138PAPP,37
W04049PAPP0,NSCL138PAPP,2
W04049PAPP0,NSCL139PAPP,2
W04049PAPP0,NSCL139PAPP,6
W04049PAPP0,NSCL139PAPP,1
W04049PAPP0,NSCL169PFAP,1
W04049PAPP0,NSCL169PFAP,6
W04049PAPP0,W00707PFLE0,30
W04049PAPP0,W00707PFLE0,52
W04049PAPP0,W01608PNOD1,1
W04049PAPP0,W01608PNOD1,1
W04049PAPP0,W01608PNOD1,1
W04049PAPP0,W02764PNOD2,15
W04049PAPP0,W02764PNOD2,2
W04049PAPP0,W02764PNOD2,13
W04049PAPP0,W02823PAPP0,1
W04049PAPP0,W02823PAPP0,1
W04049PAPP0,W02823PAPP0,1
W04049PAPP0,W02825PNOD1,2
W04049PAPP0,W02825PNOD1,5
W04049PAPP0,W02825PNOD1,9
W04049PAPP0,W03095PNOD1,1
W04049PAPP0,W03158PAPP0,1
W04049PAPP0,W03158PAPP0,25
W04049PAPP0,W03453PNOD2,380
W04049PAPP0,W03453PNOD2,266
W04049PAPP0,W03869PNOD2,2
W04049PAPP0,W03869PNOD2,80
W04049PAPP0,W03869PNOD2,64
W04049PAPP0,W03869PNOD2,107
W04049PAPP0,W03900PMBX0,1
W04049PAPP0,W03900PMBX0,40
W04049PAPP0,W03900PMBX0,8
W04049PAPP0,W03900PMBX0,1
W04049PAPP0,W04009PAPP0,1
W04049PAPP0,W04009PAPP0,1
W04049PAPP0,W04048QAPP0,5
W04049PAPP0,W04051PAPP0,1
W04049PAPP0,W04150PSQL0,4
W04049PAPP0,W04150PSQL0,8
W04049PAPP0,W05176PSQL0,2
W04049PAPP0,W05176PSQL0,1
W04049PAPP0,W05176PSQL0,5
W04049PAPP0,W05247PNOD2,1
W04049PAPP0,W05247PNOD2,1
W04049PAPP0,W05247PNOD2,1
W04049PAPP0,W05686PNOD1,6
W04049PAPP0,W05686PNOD1,4
W04049PAPP0,W05686PNOD1,7
W04049PAPP0,W06559PAPP0,1
W04049PAPP0,W06559PAPP0,24
W04049PAPP0,W06559PAPP0,18
W04049PAPP0,W06559PAPP0,14
W04050PAPP0,L05528PNOD1,4
W04050PAPP0,L05528PNOD1,2
W04050PAPP0,L05528PNOD1,2
W04050PAPP0,L05528PNOD1,2
W04050PAPP0,L05528PNOD1,2
W04050PAPP0,L05528PNOD1,345
W04050PAPP0,L05528PNOD1,1
W04050PAPP0,L05528PNOD1,33
W04050PAPP0,L05528PNOD1,3
W04050PAPP0,L05528PNOD1,1
W04050PAPP0,L05528PNOD1,24
W04050PAPP0,L05528PNOD1,13
W04050PAPP0,L05528PNOD1,528
W04050PAPP0,L05528PNOD1,88
W04050PAPP0,L05528PNOD1,448
W04050PAPP0,L05528PNOD1,52
W04050PAPP0,L05528PNOD1,268
W04050PAPP0,L05528PNOD2,1
W04050PAPP0,L05528PNOD2,2
W04050PAPP0,L05528PNOD2,3
W04050PAPP0,L05528PNOD2,465
W04050PAPP0,L05528PNOD2,3
W04050PAPP0,L05528PNOD2,39
W04050PAPP0,L05528PNOD2,2
W04050PAPP0,L05528PNOD2,19
W04050PAPP0,L05528PNOD2,810
W04050PAPP0,L05528PNOD2,418
W04050PAPP0,L05528PNOD2,230
W04050PAPP0,NSCL138PAPP,6
W04050PAPP0,NSCL138PAPP,25
W04050PAPP0,NSCL138PAPP,20
W04050PAPP0,NSCL138PAPP,6
W04050PAPP0,NSCL138PAPP,1
W04050PAPP0,NSCL139PAPP,1
W04050PAPP0,NSCL139PAPP,1
W04050PAPP0,NSCL169PFAP,24
W04050PAPP0,NSCL169PFAP,25
W04050PAPP0,W00707PFLE0,46
W04050PAPP0,W00707PFLE0,65
W04050PAPP0,W01608PNOD1,1
W04050PAPP0,W01608PNOD1,1
W04050PAPP0,W01608PNOD1,1
W04050PAPP0,W02764PNOD2,17
W04050PAPP0,W02764PNOD2,7
W04050PAPP0,W02764PNOD2,18
W04050PAPP0,W02823PAPP0,1
W04050PAPP0,W02823PAPP0,1
W04050PAPP0,W02823PAPP0,1
W04050PAPP0,W02825PNOD1,4
W04050PAPP0,W02825PNOD1,10
W04050PAPP0,W02825PNOD1,7
W04050PAPP0,W03158PAPP0,1
W04050PAPP0,W03869PNOD2,3
W04050PAPP0,W03869PNOD2,82
W04050PAPP0,W03869PNOD2,46
W04050PAPP0,W03869PNOD2,123
W04050PAPP0,W03900PMBX0,1
W04050PAPP0,W03900PMBX0,40
W04050PAPP0,W03900PMBX0,6
W04050PAPP0,W03900PMBX0,1
W04050PAPP0,W04009PAPP0,1
W04050PAPP0,W04009PAPP0,4
W04050PAPP0,W04049PAPP0,1
W04050PAPP0,W04049PAPP0,1
W04050PAPP0,W04049PAPP0,1
W04050PAPP0,W04049PAPP0,4
W04050PAPP0,W04049PAPP0,1
W04050PAPP0,W04051PAPP0,1
W04050PAPP0,W04051PAPP0,1
W04050PAPP0,W04051PAPP0,1
W04050PAPP0,W04051PAPP0,1
W04050PAPP0,W04150PSQL0,8
W04050PAPP0,W05247PNOD2,1
W04050PAPP0,W05247PNOD2,1
W04050PAPP0,W05247PNOD2,1
W04050PAPP0,W05686PNOD1,8
W04050PAPP0,W05686PNOD1,3
W04050PAPP0,W05686PNOD1,9
W04050PAPP0,W05691PAPP0,1
W04050PAPP0,W05691PAPP0,1
W04050PAPP0,W05691PAPP0,2
W04050PAPP0,W06559PAPP0,1
W04050PAPP0,W06559PAPP0,1
W04050PAPP0,W06559PAPP0,22
W04050PAPP0,W06559PAPP0,27
W04050PAPP0,W06791PAPP0,405
W04051PAPP0,L05528PNOD1,1
W04051PAPP0,L05528PNOD1,2
W04051PAPP0,L05528PNOD1,32
W04051PAPP0,L05528PNOD1,1
W04051PAPP0,L05528PNOD1,1
W04051PAPP0,L05528PNOD1,56
W04051PAPP0,L05528PNOD1,42
W04051PAPP0,L05528PNOD1,4
W04051PAPP0,L05528PNOD1,26
W04051PAPP0,L05528PNOD1,4
W04051PAPP0,L05528PNOD2,40
W04051PAPP0,L05528PNOD2,1
W04051PAPP0,L05528PNOD2,1
W04051PAPP0,L05528PNOD2,58
W04051PAPP0,L05528PNOD2,70
W04051PAPP0,L05528PNOD2,40
W04051PAPP0,NSCL169PFAP,1
W04051PAPP0,NSCL169PFAP,3
W04051PAPP0,W00707PFLE0,14
W04051PAPP0,W00707PFLE0,16
W04051PAPP0,W02764PNOD2,1
W04051PAPP0,W02764PNOD2,1
W04051PAPP0,W02764PNOD2,1
W04051PAPP0,W02825PNOD1,3
W04051PAPP0,W02825PNOD1,1
W04051PAPP0,W02825PNOD1,3
W04051PAPP0,W03453PNOD2,201
W04051PAPP0,W03453PNOD2,133
W04051PAPP0,W03869PNOD2,10
W04051PAPP0,W03869PNOD2,1
W04051PAPP0,W03869PNOD2,15
W04051PAPP0,W03900PMBX0,1
W04051PAPP0,W03900PMBX0,1
W04051PAPP0,W03900PMBX0,4
W04051PAPP0,W03900PMBX0,1
W04150PSQL0,L05528PNOD1,1
W04150PSQL0,L05528PNOD1,1
W04150PSQL0,L05528PNOD1,27
W04150PSQL0,L05528PNOD1,1
W04150PSQL0,L05528PNOD1,53
W04150PSQL0,L05528PNOD1,1
W04150PSQL0,L05528PNOD1,41
W04150PSQL0,L05528PNOD1,2
W04150PSQL0,L05528PNOD1,1
W04150PSQL0,L05528PNOD1,2
W04150PSQL0,L05528PNOD1,16
W04150PSQL0,L05528PNOD1,10
W04150PSQL0,L05528PNOD2,1
W04150PSQL0,L05528PNOD2,1
W04150PSQL0,L05528PNOD2,1
W04150PSQL0,L05528PNOD2,47
W04150PSQL0,L05528PNOD2,1
W04150PSQL0,L05528PNOD2,2
W04150PSQL0,L05528PNOD2,78
W04150PSQL0,L05528PNOD2,2
W04150PSQL0,L05528PNOD2,69
W04150PSQL0,L05528PNOD2,3
W04150PSQL0,L05528PNOD2,1
W04150PSQL0,L05528PNOD2,19
W04150PSQL0,W01608PNOD1,40
W04150PSQL0,W01608PNOD1,72
W04150PSQL0,W01608PNOD1,7
W04150PSQL0,W01608PNOD1,134
W04150PSQL0,W01608PNOD1,607
W04150PSQL0,W02764PNOD2,2
W04150PSQL0,W02764PNOD2,10
W04150PSQL0,W02764PNOD2,6
W04150PSQL0,W02764PNOD2,129
W04150PSQL0,W03900PMBX0,1
W04150PSQL0,W03900PMBX0,1
W04150PSQL0,W03900PMBX0,1
W04150PSQL0,W03900PMBX0,2
W04150PSQL0,W05691PAPP0,1
W04150PSQL0,W06791PAPP0,397
W04158PAPP0,L04160PAPP0,179
W04158PAPP0,L04160PAPP0,206
W04158PAPP0,L05528PNOD1,1
W04158PAPP0,L05528PNOD1,1
W04158PAPP0,L05528PNOD1,1
W04158PAPP0,L05528PNOD2,1
W04158PAPP0,W02764PNOD2,2
W04158PAPP0,W02825PNOD1,1
W04158PAPP0,W02872PAPP0,1
W04158PAPP0,W02872PAPP0,1
W04158PAPP0,W02872PAPP0,4
W04158PAPP0,W05142PAPP0,1
W04158PAPP0,W05142PAPP0,8
W04158PAPP0,W05247PNOD2,2
W04158PAPP0,W05686PNOD1,1
W04158PAPP0,W05686PNOD1,1
W04158PAPP0,W05686PNOD1,1
W04158PAPP0,W05691PAPP0,1
W04158PAPP0,W06791PAPP0,427
W04165PAPP0,W05691PAPP0,1
W04165PAPP0,W05691PAPP0,1
W04165PAPP0,W05691PAPP0,1
W04165PAPP0,W06791PAPP0,379
W04181PNOD1,W04181PNOD1,11
W04181PNOD1,W04181PNOD1,36
W04181PNOD1,W04181PNOD1,413
W04181PNOD1,W04181PNOD1,449
W04181PNOD1,W04181PNOD1,2
W04181PNOD1,W04181PNOD1,318
W04181PNOD1,W04181PNOD2,4
W04181PNOD1,W04181PNOD2,2
W04181PNOD1,W05691PAPP0,1
W04181PNOD2,W04181PNOD1,2
W04181PNOD2,W05691PAPP0,1
W04181PNOD2,W06791PAPP0,422
W04227QAPP0,L04011PAPP0,1
W04227QAPP0,L04011PAPP0,1
W04227QAPP0,L04011PAPP0,1
W04227QAPP0,W05691PAPP0,4
W04227QAPP0,W05691PAPP0,7
W04228QSQL0,W05691PAPP0,3
W04228QSQL0,W05691PAPP0,1
W04228QSQL0,W05691PAPP0,4
W04238QNOD1,W05691PAPP0,6
W04238QNOD1,W05691PAPP0,1
W04238QNOD2,W05691PAPP0,1
W04251QNOD1,W05691PAPP0,1
W04251QNOD1,W05691PAPP0,4
W04251QNOD2,W05691PAPP0,4
W04251QNOD2,W05691PAPP0,1
W04251QNOD2,W05691PAPP0,5
W05004PNOD1,L02694PAPP0,58
W05004PNOD1,L02694PAPP0,15
W05004PNOD1,L02694PAPP0,5
W05004PNOD1,L05528PNOD1,2
W05004PNOD1,L05528PNOD1,2
W05004PNOD1,L05528PNOD1,96
W05004PNOD1,L05528PNOD1,65
W05004PNOD1,L05528PNOD1,1
W05004PNOD1,L05528PNOD1,2
W05004PNOD1,L05528PNOD1,2
W05004PNOD1,L05528PNOD1,5
W05004PNOD1,L05528PNOD1,102
W05004PNOD1,L05528PNOD1,18
W05004PNOD1,L05528PNOD1,13
W05004PNOD1,L05528PNOD1,74
W05004PNOD1,L05528PNOD1,54
W05004PNOD1,L05528PNOD1,199
W05004PNOD1,L05528PNOD2,3
W05004PNOD1,L05528PNOD2,90
W05004PNOD1,L05528PNOD2,1
W05004PNOD1,L05528PNOD2,59
W05004PNOD1,L05528PNOD2,7
W05004PNOD1,L05528PNOD2,135
W05004PNOD1,L05528PNOD2,18
W05004PNOD1,L05528PNOD2,90
W05004PNOD1,L05528PNOD2,60
W05004PNOD1,L06392PAPP0,1
W05004PNOD1,NSCL169PFAP,190
W05004PNOD1,NSCL169PFAP,213
W05004PNOD1,W00707PFLE0,270
W05004PNOD1,W00707PFLE0,426
W05004PNOD1,W01608PNOD1,1
W05004PNOD1,W01608PNOD1,1
W05004PNOD1,W02764PNOD2,1
W05004PNOD1,W02764PNOD2,28
W05004PNOD1,W02764PNOD2,27
W05004PNOD1,W02764PNOD2,17
W05004PNOD1,W02825PNOD1,4
W05004PNOD1,W03059PAPP0,45
W05004PNOD1,W03059PAPP0,69
W05004PNOD1,W03095PNOD1,3
W05004PNOD1,W03139PAPP0,1
W05004PNOD1,W03139PAPP0,5
W05004PNOD1,W03453PNOD2,2
W05004PNOD1,W03453PNOD2,8
W05004PNOD1,W03869PNOD2,10
W05004PNOD1,W03869PNOD2,6
W05004PNOD1,W03869PNOD2,8
W05004PNOD1,W03900PMBX0,3
W05004PNOD1,W03900PMBX0,7
W05004PNOD1,W03900PMBX0,8
W05004PNOD1,W03900PMBX0,156
W05004PNOD1,W03900PMBX0,4
W05004PNOD1,W04181PNOD1,17
W05004PNOD1,W04181PNOD1,4047
W05004PNOD1,W04181PNOD1,426
W05004PNOD1,W04181PNOD1,675
W05004PNOD1,W04181PNOD1,506
W05004PNOD1,W04181PNOD1,213
W05004PNOD1,W04181PNOD1,640
W05004PNOD1,W04181PNOD1,1704
W05004PNOD1,W04181PNOD1,574
W05004PNOD1,W04181PNOD1,452
W05004PNOD1,W04181PNOD1,646
W05004PNOD1,W04181PNOD1,3025
W05004PNOD1,W04181PNOD1,639
W05004PNOD1,W04181PNOD1,1686
W05004PNOD1,W04181PNOD1,426
W05004PNOD1,W04181PNOD1,1917
W05004PNOD1,W04181PNOD1,426
W05004PNOD1,W04181PNOD1,34900
W05004PNOD1,W04181PNOD1,169
W05004PNOD1,W05004PNOD1,2
W05004PNOD1,W05004PNOD1,1
W05004PNOD1,W05004PNOD1,213
W05004PNOD1,W05004PNOD1,426
W05004PNOD1,W05004PNOD1,284
W05004PNOD1,W05004PNOD1,568
W05004PNOD1,W05004PNOD1,813
W05004PNOD1,W05004PNOD1,213
W05004PNOD1,W05004PNOD1,426
W05004PNOD1,W05004PNOD1,213
W05004PNOD1,W05004PNOD1,639
W05004PNOD1,W05004PNOD1,497
W05004PNOD1,W05004PNOD1,994
W05004PNOD1,W05004PNOD1,426
W05004PNOD1,W05004PNOD1,213
W05004PNOD1,W05004PNOD1,426
W05004PNOD1,W05004PNOD1,375
W05004PNOD1,W05004PNOD1,14
W05004PNOD1,W05004PNOD1,591
W05004PNOD1,W05004PNOD1,2556
W05004PNOD1,W05004PNOD1,14
W05004PNOD1,W05004PNOD1,1
W05004PNOD1,W05004PNOD1,19
W05004PNOD1,W05004PNOD1,19
W05004PNOD1,W05004PNOD1,19
W05004PNOD1,W05004PNOD1,19
W05004PNOD1,W05004PNOD1,19
W05004PNOD1,W05004PNOD1,19
W05004PNOD1,W05004PNOD1,2
W05004PNOD1,W05004PNOD1,36
W05004PNOD1,W05004PNOD1,3896
W05004PNOD1,W05004PNOD1,895
W05004PNOD1,W05004PNOD2,1
W05004PNOD1,W05004PNOD2,1
W05004PNOD1,W05004PNOD2,282
W05004PNOD1,W05004PNOD2,21
W05004PNOD1,W05004PNOD2,110
W05004PNOD1,W05054PNOD1,1
W05004PNOD1,W05054PNOD1,1
W05004PNOD1,W05686PNOD1,1
W05004PNOD1,W05686PNOD1,28
W05004PNOD1,W05686PNOD1,35
W05004PNOD1,W05686PNOD1,35
W05004PNOD1,W05895PSQL0,37
W05004PNOD1,W05895PSQL0,20
W05004PNOD1,W05895PSQL0,2
W05004PNOD1,W05895PSQL0,4
W05004PNOD1,W06545PNOD1,5
W05004PNOD1,W06545PNOD1,78
W05004PNOD1,W06545PNOD1,105
W05004PNOD1,W06545PNOD1,97
W05004PNOD1,W06791PAPP0,671
W05004PNOD2,W05004PNOD1,1
W05004PNOD2,W05004PNOD1,1
W05004PNOD2,W05004PNOD1,8
W05010PAPP0,L05528PNOD1,1
W05010PAPP0,L05528PNOD1,1
W05010PAPP0,L05528PNOD1,1
W05010PAPP0,L05528PNOD2,2
W05010PAPP0,W05691PAPP0,2
W05010PAPP0,W05691PAPP0,1
W05010PAPP0,W06791PAPP0,313
W05011PAPP0,L02701PAPP0,1
W05011PAPP0,L05528PNOD1,9
W05011PAPP0,L05528PNOD1,27
W05011PAPP0,L05528PNOD1,5
W05011PAPP0,L05528PNOD1,9
W05011PAPP0,L05528PNOD1,1
W05011PAPP0,L05528PNOD1,1
W05011PAPP0,L05528PNOD1,2
W05011PAPP0,L05528PNOD1,7
W05011PAPP0,L05528PNOD1,43
W05011PAPP0,L05528PNOD2,27
W05011PAPP0,L05528PNOD2,187
W05011PAPP0,L05528PNOD2,30
W05011PAPP0,L05528PNOD2,17
W05011PAPP0,L05528PNOD2,2
W05011PAPP0,L05528PNOD2,228
W05011PAPP0,L06036PAPP0,15
W05011PAPP0,L06036PAPP0,5
W05011PAPP0,L06284PAPP0,7
W05011PAPP0,L06284PAPP0,5
W05011PAPP0,W02764PNOD2,7
W05011PAPP0,W02764PNOD2,129
W05011PAPP0,W02764PNOD2,60
W05011PAPP0,W02764PNOD2,1
W05011PAPP0,W02764PNOD2,2
W05011PAPP0,W02764PNOD2,1297
W05011PAPP0,W02825PNOD1,40
W05011PAPP0,W02825PNOD1,10
W05011PAPP0,W02825PNOD1,2
W05011PAPP0,W03157PAPP0,5
W05011PAPP0,W03157PAPP0,8
W05011PAPP0,W03158PAPP0,6
W05011PAPP0,W03158PAPP0,6
W05011PAPP0,W03210DSQL0,43
W05011PAPP0,W03210DSQL0,30
W05011PAPP0,W03210DSQL0,17
W05011PAPP0,W03210DSQL0,4
W05011PAPP0,W03453PNOD2,5
W05011PAPP0,W03453PNOD2,4
W05011PAPP0,W03453PNOD2,2
W05011PAPP0,W03453PNOD2,17
W05011PAPP0,W05004PNOD1,6
W05011PAPP0,W05004PNOD1,7
W05011PAPP0,W05004PNOD1,1
W05011PAPP0,W05013PAPP0,1
W05011PAPP0,W05013PAPP0,1
W05011PAPP0,W05015QAPP0,3
W05011PAPP0,W05054PNOD1,87
W05011PAPP0,W05054PNOD1,54
W05011PAPP0,W05054PNOD1,1
W05011PAPP0,W05054PNOD1,71
W05011PAPP0,W05247PNOD2,26
W05011PAPP0,W05247PNOD2,20
W05011PAPP0,W05247PNOD2,2
W05011PAPP0,W05247PNOD2,3
W05011PAPP0,W05686PNOD1,58
W05011PAPP0,W05686PNOD1,23
W05011PAPP0,W05686PNOD1,1
W05011PAPP0,W05686PNOD1,2
W05011PAPP0,W05686PNOD1,141
W05011PAPP0,W05691PAPP0,2
W05011PAPP0,W05691PAPP0,1
W05011PAPP0,W05691PAPP0,1
W05011PAPP0,W06448PSQL0,2
W05011PAPP0,W06448PSQL0,3
W05011PAPP0,W06451PNCE0,4
W05011PAPP0,W06451PNCE0,8
W05011PAPP0,W06545PNOD1,153
W05011PAPP0,W06545PNOD1,58
W05011PAPP0,W06545PNOD1,1
W05011PAPP0,W06545PNOD1,4
W05011PAPP0,W06545PNOD1,4
W05011PAPP0,W06791PAPP0,276
W05013PAPP0,L02694PAPP0,1
W05013PAPP0,L02694PAPP0,1
W05013PAPP0,L02694PAPP0,1
W05013PAPP0,L05528PNOD1,1
W05013PAPP0,L05528PNOD1,2
W05013PAPP0,L05528PNOD1,72
W05013PAPP0,L05528PNOD1,4
W05013PAPP0,L05528PNOD1,2
W05013PAPP0,L05528PNOD1,1
W05013PAPP0,L05528PNOD1,1
W05013PAPP0,L05528PNOD1,124
W05013PAPP0,L05528PNOD2,2
W05013PAPP0,L05528PNOD2,25
W05013PAPP0,L05528PNOD2,2
W05013PAPP0,L05528PNOD2,1
W05013PAPP0,L05528PNOD2,6
W05013PAPP0,L05528PNOD2,3
W05013PAPP0,L05528PNOD2,55
W05013PAPP0,L06036PAPP0,6
W05013PAPP0,L06036PAPP0,11
W05013PAPP0,W02764PNOD2,4
W05013PAPP0,W02764PNOD2,47
W05013PAPP0,W02764PNOD2,55
W05013PAPP0,W02764PNOD2,2
W05013PAPP0,W02764PNOD2,861
W05013PAPP0,W03157PAPP0,14
W05013PAPP0,W03157PAPP0,8
W05013PAPP0,W03157PAPP0,1
W05013PAPP0,W05004PNOD1,12
W05013PAPP0,W05004PNOD1,7
W05013PAPP0,W05004PNOD1,1
W05013PAPP0,W05011PAPP0,1
W05013PAPP0,W05011PAPP0,1
W05013PAPP0,W05015QAPP0,23
W05013PAPP0,W05247PNOD2,19
W05013PAPP0,W05247PNOD2,25
W05013PAPP0,W05247PNOD2,119
W05013PAPP0,W05686PNOD1,2
W05013PAPP0,W05686PNOD1,8
W05013PAPP0,W05686PNOD1,1
W05013PAPP0,W05686PNOD1,1
W05013PAPP0,W05686PNOD1,85
W05015QAPP0,W05013PAPP0,4
W05015QAPP0,W05169PAPP0,5
W05049PBKP0,W03900PMBX0,1
W05049PBKP0,W03900PMBX0,1
W05049PBKP0,W03900PMBX0,2
W05049PBKP0,W05691PAPP0,2
W05049PBKP0,W05691PAPP0,2
W05049PBKP0,W06791PAPP0,320
W05053PNOD1,L05528PNOD1,1
W05053PNOD1,L05528PNOD1,92
W05053PNOD1,L05528PNOD1,77
W05053PNOD1,L05528PNOD1,1
W05053PNOD1,L05528PNOD1,84
W05053PNOD1,L05528PNOD1,1
W05053PNOD1,L05528PNOD1,1
W05053PNOD1,L05528PNOD1,1
W05053PNOD1,L05528PNOD1,1
W05053PNOD1,L05528PNOD2,64
W05053PNOD1,L05528PNOD2,10
W05053PNOD1,L05528PNOD2,1
W05053PNOD1,L05528PNOD2,1
W05053PNOD1,NSCL169PFAP,123
W05053PNOD1,NSCL169PFAP,130
W05053PNOD1,W02764PNOD2,86
W05053PNOD1,W02764PNOD2,7
W05053PNOD1,W02764PNOD2,85
W05053PNOD1,W03900PMBX0,1
W05053PNOD1,W05053PNOD1,2325
W05053PNOD1,W05053PNOD1,4
W05053PNOD1,W05053PNOD1,4
W05053PNOD1,W05053PNOD2,1
W05053PNOD1,W05053PNOD2,1
W05053PNOD1,W05053PNOD2,4
W05053PNOD1,W05054PNOD1,129
W05053PNOD1,W05054PNOD1,84
W05053PNOD1,W05054PNOD1,262
W05053PNOD1,W05054PNOD1,72
W05053PNOD1,W05054PNOD1,320
W05053PNOD1,W05054PNOD1,320
W05053PNOD1,W05054PNOD1,320
W05053PNOD1,W05054PNOD1,117
W05053PNOD1,W05054PNOD1,3
W05053PNOD1,W05054PNOD1,72
W05053PNOD1,W05054PNOD1,87
W05053PNOD1,W05054PNOD1,209
W05053PNOD1,W05054PNOD1,314
W05053PNOD1,W05054PNOD1,313
W05053PNOD1,W05054PNOD1,7
W05053PNOD1,W05054PNOD1,78
W05053PNOD1,W05054PNOD1,84
W05053PNOD1,W05054PNOD1,84
W05053PNOD1,W05054PNOD1,117
W05053PNOD1,W05054PNOD1,3991
W05053PNOD1,W05054PNOD1,1
W05053PNOD1,W05054PNOD1,1
W05053PNOD1,W05054PNOD1,6572
W05053PNOD1,W05054PNOD1,47
W05053PNOD1,W05054PNOD1,109
W05053PNOD1,W05054PNOD1,90
W05053PNOD1,W05054PNOD1,271
W05053PNOD1,W05054PNOD1,9
W05053PNOD2,W05054PNOD1,291
W05053PNOD2,W05054PNOD1,354
W05053PNOD2,W05054PNOD1,7
W05053PNOD2,W05054PNOD1,45
W05053PNOD2,W06791PAPP0,391
W05054PNOD1,W05054PNOD1,6
W05054PNOD1,W05054PNOD1,200
W05054PNOD1,W05054PNOD1,206
W05054PNOD1,W05054PNOD1,3
W05054PNOD1,W05054PNOD1,2893
W05054PNOD1,W05054PNOD1,116
W05054PNOD1,W05054PNOD1,1
W05054PNOD1,W05054PNOD2,1
W05054PNOD1,W05054PNOD2,3
W05054PNOD1,W05054PNOD2,1
W05054PNOD2,W05054PNOD1,1
W05054PNOD2,W05054PNOD1,2
W05093QAPP0,W05691PAPP0,3
W05093QAPP0,W05691PAPP0,7
W05094QNOD1,L04011PAPP0,1
W05094QNOD1,L04011PAPP0,1
W05094QNOD1,L04011PAPP0,1
W05094QNOD1,L04011PAPP0,308
W05094QNOD1,L04011PAPP0,722
W05094QNOD1,W05691PAPP0,18
W05094QNOD2,W05691PAPP0,2
W05094QNOD2,W05691PAPP0,1
W05094QNOD2,W05691PAPP0,13
W05095QNOD1,W05416PPSC0,1
W05095QNOD1,W05416PPSC0,2
W05095QNOD1,W05416PPSC0,1
W05095QNOD1,W05416PPSC0,1
W05095QNOD1,W05691PAPP0,2
W05095QNOD1,W05691PAPP0,1
W05095QNOD1,W05691PAPP0,7
W05095QNOD2,W05691PAPP0,2
W05095QNOD2,W05691PAPP0,5
W05115PNOD1,L05528PNOD1,77
W05115PNOD1,L05528PNOD1,154
W05115PNOD1,L05528PNOD1,166
W05115PNOD1,L05528PNOD1,54
W05115PNOD1,L05528PNOD1,1
W05115PNOD1,L05528PNOD1,88
W05115PNOD1,L05528PNOD1,132
W05115PNOD1,L05528PNOD2,77
W05115PNOD1,L05528PNOD2,154
W05115PNOD1,L05528PNOD2,46
W05115PNOD1,L05528PNOD2,1
W05115PNOD1,L05528PNOD2,92
W05115PNOD1,S03018PAPP0,13
W05115PNOD1,S03018PAPP0,954
W05115PNOD1,S03018PAPP0,790
W05115PNOD1,S03018PAPP0,890
W05115PNOD1,S03018PAPP0,2620
W05115PNOD1,S03018PAPP0,1
W05115PNOD1,S03018PAPP0,11
W05115PNOD1,S03018PAPP0,2
W05115PNOD1,S03019PAPP0,14
W05115PNOD1,S03019PAPP0,953
W05115PNOD1,S03019PAPP0,790
W05115PNOD1,S03019PAPP0,890
W05115PNOD1,S03019PAPP0,2620
W05115PNOD1,S03019PAPP0,1
W05115PNOD1,S03019PAPP0,10
W05115PNOD1,S03019PAPP0,3
W05115PNOD1,W00707PFLE0,62
W05115PNOD1,W00707PFLE0,63
W05115PNOD1,W03022PNOD1,78
W05115PNOD1,W03022PNOD1,79
W05115PNOD1,W03022PNOD1,1
W05115PNOD1,W05115PNOD1,285
W05115PNOD1,W05115PNOD1,613
W05115PNOD1,W05115PNOD1,340
W05115PNOD1,W05115PNOD1,1
W05115PNOD1,W05115PNOD2,65
W05115PNOD1,W05115PNOD2,1
W05115PNOD1,W05115PNOD2,65
W05115PNOD1,W05115PNOD2,2
W05115PNOD1,W05115PNOD2,4
W05115PNOD1,W05115PNOD2,16
W05115PNOD1,W05115PNOD2,7
W05115PNOD1,W05115PNOD3,1
W05115PNOD1,W05115PNOD3,1
W05115PNOD1,W05115PNOD3,2
W05115PNOD1,W05115PNOD3,14
W05115PNOD1,W05686PNOD1,1
W05115PNOD1,W05686PNOD1,1
W05115PNOD1,W05686PNOD1,1
W05115PNOD1,W05686PNOD1,6
W05115PNOD1,W05686PNOD1,6
W05115PNOD1,W05686PNOD1,6
W05115PNOD2,W00707PFLE0,3
W05115PNOD2,W03022PNOD1,1
W05115PNOD2,W03022PNOD1,1
W05115PNOD2,W03022PNOD1,1
W05115PNOD2,W03022PNOD1,1
W05115PNOD2,W05115PNOD1,3
W05115PNOD2,W05115PNOD1,6
W05115PNOD2,W05115PNOD1,1
W05115PNOD2,W05115PNOD1,6
W05115PNOD2,W05115PNOD1,2
W05115PNOD2,W05115PNOD1,19
W05115PNOD2,W05115PNOD1,4
W05115PNOD2,W05115PNOD1,79
W05115PNOD2,W05115PNOD1,78
W05115PNOD2,W05115PNOD1,1
W05115PNOD2,W05115PNOD2,4
W05115PNOD2,W05115PNOD3,1
W05115PNOD2,W05115PNOD3,6
W05115PNOD2,W05115PNOD3,1
W05115PNOD2,W05115PNOD3,6
W05115PNOD2,W05115PNOD3,4
W05115PNOD2,W05115PNOD3,18
W05115PNOD2,W05115PNOD3,4
W05115PNOD2,W06791PAPP0,476
W05115PNOD3,W05115PNOD1,64
W05115PNOD3,W05115PNOD1,64
W05115PNOD3,W05115PNOD2,1
W05115PNOD3,W05115PNOD2,1
W05115PNOD3,W05115PNOD2,4
W05115PNOD3,W05115PNOD2,6
W05120QAPP0,W05691PAPP0,4
W05120QAPP0,W05691PAPP0,2
W05120QAPP0,W05691PAPP0,8
W05120QAPP0,W06545PNOD1,419
W05142PAPP0,L04160PAPP0,2
W05142PAPP0,L04160PAPP0,1
W05142PAPP0,W02872PAPP0,2
W05142PAPP0,W02872PAPP0,1
W05142PAPP0,W02872PAPP0,5
W05142PAPP0,W03900PMBX0,2
W05142PAPP0,W03900PMBX0,6
W05142PAPP0,W04181PNOD1,136
W05142PAPP0,W04181PNOD1,25
W05142PAPP0,W04181PNOD1,1
W05142PAPP0,W04181PNOD1,3
W05142PAPP0,W04181PNOD1,333
W05142PAPP0,W04181PNOD1,19232
W05142PAPP0,W06791PAPP0,499
W05160PAPP0,W05691PAPP0,2
W05160PAPP0,W05691PAPP0,1
W05160PAPP0,W05691PAPP0,6
W05176PSQL0,W06791PAPP0,470
W05245QNOD1,W05691PAPP0,1
W05245QNOD1,W05691PAPP0,1
W05245QNOD1,W05691PAPP0,10
W05245QNOD2,W05691PAPP0,1
W05245QNOD2,W05691PAPP0,3
W05245QNOD2,W05691PAPP0,9
W05247PNOD1,W05691PAPP0,2
W05247PNOD1,W05691PAPP0,1
W05247PNOD2,NSCL169PFAP,1
W05247PNOD2,W00707PFLE0,1
W05247PNOD2,W05247PNOD1,3
W05247PNOD2,W05247PNOD1,1
W05247PNOD2,W05247PNOD1,156
W05247PNOD2,W05247PNOD1,2
W05247PNOD2,W05247PNOD1,11
W05247PNOD2,W05247PNOD2,2
W05247PNOD2,W05247PNOD2,2
W05247PNOD2,W05247PNOD2,2
W05247PNOD2,W05247PNOD2,3
W05247PNOD2,W05247PNOD2,156
W05247PNOD2,W05247PNOD2,159
W05247PNOD2,W05247PNOD2,2
W05247PNOD2,W05247PNOD2,2
W05247PNOD2,W05247PNOD2,2
W05247PNOD2,W05247PNOD2,4
W05247PNOD2,W05247PNOD2,4
W05247PNOD2,W05247PNOD2,55
W05248QAPP0,W05691PAPP0,2
W05248QAPP0,W05691PAPP0,2
W05248QAPP0,W05691PAPP0,7
W05249QAPP0,W05691PAPP0,1
W05249QAPP0,W05691PAPP0,2
W05249QAPP0,W05691PAPP0,9
W05250PAPP0,W05247PNOD2,3
W05250PAPP0,W05247PNOD2,206
W05250PAPP0,W05247PNOD2,185
W05250PAPP0,W05247PNOD2,2
W05250PAPP0,W05247PNOD2,24
W05251PAPP0,W05247PNOD2,1
W05251PAPP0,W05247PNOD2,173
W05251PAPP0,W05247PNOD2,226
W05251PAPP0,W05247PNOD2,114
W05262PAPP0,W05691PAPP0,1
W05262PAPP0,W05691PAPP0,2
W05262PAPP0,W06791PAPP0,360
W05263PAPP0,W05691PAPP0,1
W05359PCXW0,W05262PAPP0,26
W05359PCXW0,W05262PAPP0,36
W05359PCXW0,W05262PAPP0,25
W05359PCXW0,W05263PAPP0,35
W05359PCXW0,W05263PAPP0,29
W05359PCXW0,W05263PAPP0,28
W05359PCXW0,W05360PCXW0,134
W05359PCXW0,W05360PCXW0,211
W05359PCXW0,W05360PCXW0,536
W05359PCXW0,W05360PCXW0,844
W05359PCXW0,W05360PCXW0,10
W05359PCXW0,W05691PAPP0,4
W05359PCXW0,W05691PAPP0,1
W05359PCXW0,W05911PCXW0,15
W05359PCXW0,W05911PCXW0,1102
W05359PCXW0,W05911PCXW0,14
W05359PCXW0,W05912PCXW0,11
W05359PCXW0,W05912PCXW0,1075
W05359PCXW0,W05912PCXW0,14
W05359PCXW0,W06791PAPP0,441
W05360PCXW0,W05262PAPP0,21
W05360PCXW0,W05262PAPP0,7
W05360PCXW0,W05262PAPP0,7
W05360PCXW0,W05263PAPP0,35
W05360PCXW0,W05263PAPP0,15
W05360PCXW0,W05263PAPP0,15
W05360PCXW0,W05359PCXW0,14
W05360PCXW0,W05911PCXW0,13
W05360PCXW0,W05911PCXW0,718
W05360PCXW0,W05911PCXW0,6
W05360PCXW0,W05912PCXW0,17
W05360PCXW0,W05912PCXW0,714
W05360PCXW0,W05912PCXW0,8
W05360PCXW0,W06791PAPP0,251
W05416PPSC0,W06791PAPP0,352
W05427PCXW0,W05911PCXW0,4
W05427PCXW0,W05911PCXW0,486
W05427PCXW0,W05911PCXW0,6
W05427PCXW0,W05912PCXW0,7
W05427PCXW0,W05912PCXW0,486
W05427PCXW0,W05912PCXW0,6
W05427PCXW0,W06545PNOD1,29
W05427PCXW0,W06545PNOD1,23
W05427PCXW0,W06791PAPP0,360
W05461DAPP0,W05416PPSC0,1
W05461DAPP0,W05416PPSC0,1
W05461DAPP0,W05416PPSC0,1
W05461DAPP0,W05691PAPP0,1
W05461DAPP0,W05691PAPP0,1
W05462DSQL0,W05691PAPP0,1
W05462DSQL0,W05691PAPP0,3
W05580QAPP0,L05528PNOD1,1
W05580QAPP0,L05528PNOD1,31
W05580QAPP0,L05528PNOD1,28
W05580QAPP0,L05528PNOD1,66
W05580QAPP0,L05528PNOD1,64
W05580QAPP0,L05528PNOD2,31
W05580QAPP0,L05528PNOD2,64
W05580QAPP0,W05691PAPP0,8
W05581QSQL0,W05691PAPP0,1
W05581QSQL0,W05691PAPP0,8
W05639QNOD1,W05691PAPP0,3
W05639QNOD1,W05691PAPP0,3
W05639QNOD1,W05691PAPP0,11
W05639QNOD2,W05691PAPP0,2
W05639QNOD2,W05691PAPP0,10
W05640QAPP0,W05691PAPP0,1
W05640QAPP0,W05691PAPP0,10
W05641QAPP0,W05691PAPP0,2
W05641QAPP0,W05691PAPP0,8
W05684PAPP0,NSCL169PFAP,1
W05684PAPP0,NSCL169PFAP,5
W05684PAPP0,W00707PFLE0,1
W05684PAPP0,W00707PFLE0,3
W05684PAPP0,W03900PMBX0,1
W05684PAPP0,W03900PMBX0,5
W05684PAPP0,W05416PPSC0,1
W05684PAPP0,W05416PPSC0,1
W05684PAPP0,W05416PPSC0,1
W05684PAPP0,W05686PNOD1,5689
W05684PAPP0,W05686PNOD1,690
W05684PAPP0,W05686PNOD1,5480
W05684PAPP0,W05691PAPP0,3
W05685PAPP0,NSCL169PFAP,1
W05685PAPP0,W00707PFLE0,2
W05685PAPP0,W03900PMBX0,2
W05685PAPP0,W03900PMBX0,4
W05685PAPP0,W05416PPSC0,1
W05685PAPP0,W05416PPSC0,1
W05685PAPP0,W05416PPSC0,1
W05685PAPP0,W05686PNOD1,5956
W05685PAPP0,W05686PNOD1,661
W05685PAPP0,W05686PNOD1,5764
W05685PAPP0,W05691PAPP0,3
W05685PAPP0,W06791PAPP0,362
W05686PNOD1,L05528PNOD1,2
W05686PNOD1,L05528PNOD1,1
W05686PNOD1,L05528PNOD1,4
W05686PNOD1,L05528PNOD1,5
W05686PNOD1,L05528PNOD1,1
W05686PNOD1,L05528PNOD1,1
W05686PNOD1,L05528PNOD1,1
W05686PNOD1,L05528PNOD1,2
W05686PNOD1,L05528PNOD1,1
W05686PNOD1,L05528PNOD2,3
W05686PNOD1,L05528PNOD2,2
W05686PNOD1,L05528PNOD2,5
W05686PNOD1,L05528PNOD2,4
W05686PNOD1,L05528PNOD2,1
W05686PNOD1,L05528PNOD2,1
W05686PNOD1,L05528PNOD2,1
W05686PNOD1,W02894QNOD2,6
W05686PNOD1,W03900PMBX0,2
W05686PNOD1,W03900PMBX0,1
W05686PNOD1,W03900PMBX0,2
W05686PNOD1,W03900PMBX0,1
W05686PNOD1,W03900PMBX0,3
W05686PNOD1,W05639QNOD1,20
W05686PNOD1,W05686PNOD1,7
W05686PNOD1,W05686PNOD1,105
W05686PNOD1,W05686PNOD1,276
W05686PNOD1,W05686PNOD1,213
W05686PNOD1,W05686PNOD1,2
W05686PNOD1,W05686PNOD1,2
W05686PNOD1,W05686PNOD1,2
W05686PNOD1,W05686PNOD1,601
W05686PNOD1,W05686PNOD1,2
W05686PNOD1,W05686PNOD1,2
W05686PNOD1,W05686PNOD1,2
W05686PNOD1,W05686PNOD1,2
W05686PNOD1,W05686PNOD1,24
W05686PNOD1,W05686PNOD1,1
W05686PNOD1,W05686PNOD1,100
W05686PNOD1,W05686PNOD1,24
W05686PNOD1,W05686PNOD2,2
W05686PNOD1,W05686PNOD2,1
W05686PNOD1,W05686PNOD2,2
W05686PNOD1,W05686PNOD2,12
W05686PNOD1,W05686PNOD2,75
W05686PNOD1,W05691PAPP0,1
W05686PNOD1,W05731DSQL0,2
W05691PAPP0,EC2-Apache-Prod,4
W05691PAPP0,L02694PAPP0,3
W05691PAPP0,L02701PAPP0,3
W05691PAPP0,L03021PAPP0,3
W05691PAPP0,L03331PAPP01,1
W05691PAPP0,L03331PAPP01,3
W05691PAPP0,L05827PAPP0,3
W05691PAPP0,L05827PAPP0,3
W05691PAPP0,L05984PSQL0,1
W05691PAPP0,L05984PSQL0,4
W05691PAPP0,L06036PAPP0,1
W05691PAPP0,L06036PAPP0,3
W05691PAPP0,L06284PAPP0,2
W05691PAPP0,L06326PAPP0,5
W05691PAPP0,L06689EAPP0,3
W05691PAPP0,NSCL047PMBX,1
W05691PAPP0,NSCL047PMBX,12
W05691PAPP0,NSCL047PMBX,30
W05691PAPP0,NSCL047PMBX,39
W05691PAPP0,NSCL114DWSS,1
W05691PAPP0,NSCL114DWSS,10
W05691PAPP0,NSCL114DWSS,5
W05691PAPP0,NSCL114DWSS,4
W05691PAPP0,NSCL114DWSS,46
W05691PAPP0,NSCL115PNMG,14
W05691PAPP0,NSCL115PNMG,15
W05691PAPP0,NSCL115PNMG,2
W05691PAPP0,NSCL115PNMG,43
W05691PAPP0,NSCL116PNMG,1
W05691PAPP0,NSCL116PNMG,10
W05691PAPP0,NSCL116PNMG,8
W05691PAPP0,NSCL116PNMG,1
W05691PAPP0,NSCL116PNMG,2
W05691PAPP0,NSCL116PNMG,40
W05691PAPP0,NSCL116PNMG,2
W05691PAPP0,NSCL138PAPP,1
W05691PAPP0,NSCL138PAPP,15
W05691PAPP0,NSCL138PAPP,9
W05691PAPP0,NSCL138PAPP,2
W05691PAPP0,NSCL138PAPP,43
W05691PAPP0,NSCL138PAPP,2
W05691PAPP0,NSCL139PAPP,1
W05691PAPP0,NSCL139PAPP,14
W05691PAPP0,NSCL139PAPP,15
W05691PAPP0,NSCL139PAPP,2
W05691PAPP0,NSCL139PAPP,2
W05691PAPP0,NSCL139PAPP,44
W05691PAPP0,NSCL169PFAP,1
W05691PAPP0,NSCL169PFAP,11
W05691PAPP0,NSCL169PFAP,2
W05691PAPP0,NSCL169PFAP,40
W05691PAPP0,NSCL169PFAP,2
W05691PAPP0,S02969PAPP0,1
W05691PAPP0,S02969PAPP0,4
W05691PAPP0,TEM-VDI-WIN11,2
W05691PAPP0,TEM-VDI-WIN11,2
W05691PAPP0,TEM-VDI-WIN11,7
W05691PAPP0,TEM-VDI-WIN11,1
W05691PAPP0,TEM-VDI-WIN11,32
W05691PAPP0,TEM-VDI-WIN11,4
W05691PAPP0,TEMPBCM-W2K16S,2
W05691PAPP0,TEMPBCM-W2K16S,2
W05691PAPP0,TEMPBCM-W2K16S,8
W05691PAPP0,TEMPBCM-W2K16S,49
W05691PAPP0,TEMPBCM-W2K16S,2
W05691PAPP0,TEMPLATE-TIT-2K,3
W05691PAPP0,TEMPLATE-TIT-2K,6
W05691PAPP0,TEMPLATE-TIT-2K,1
W05691PAPP0,TEMPLATE-TIT-2K,1
W05691PAPP0,VDI-CL-TI-0024,14
W05691PAPP0,VDI-CL-TI-0024,8
W05691PAPP0,VDI-CL-TI-0024,42
W05691PAPP0,VDI-CL-TI-0037,2
W05691PAPP0,VDI-CL-TI-0037,13
W05691PAPP0,VDI-CL-TI-0037,14
W05691PAPP0,VDI-CL-TI-0037,47
W05691PAPP0,VDI-CL-TI-0037,3
W05691PAPP0,VDI-CL-TI-0062,1
W05691PAPP0,VDI-CL-TI-0062,13
W05691PAPP0,VDI-CL-TI-0062,7
W05691PAPP0,VDI-CL-TI-0062,1
W05691PAPP0,VDI-CL-TI-0062,47
W05691PAPP0,VDI-CL-TI-0062,2
W05691PAPP0,W00571PAPP0,3
W05691PAPP0,W00571PAPP0,14
W05691PAPP0,W00571PAPP0,2
W05691PAPP0,W00571PAPP0,4
W05691PAPP0,W00571PAPP0,43
W05691PAPP0,W00571PAPP0,1
W05691PAPP0,W00572PAPP0,10
W05691PAPP0,W00572PAPP0,13
W05691PAPP0,W00572PAPP0,43
W05691PAPP0,W00707PFLE0,3
W05691PAPP0,W00707PFLE0,10
W05691PAPP0,W00707PFLE0,11
W05691PAPP0,W00707PFLE0,2
W05691PAPP0,W00707PFLE0,40
W05691PAPP0,W00707PFLE0,2
W05691PAPP0,W00708PAPP0,1
W05691PAPP0,W00708PAPP0,11
W05691PAPP0,W00708PAPP0,16
W05691PAPP0,W00708PAPP0,1
W05691PAPP0,W00708PAPP0,4
W05691PAPP0,W00708PAPP0,8
W05691PAPP0,W00708PAPP0,44
W05691PAPP0,W00708PAPP0,1
W05691PAPP0,W00875DFLE0,1
W05691PAPP0,W00875DFLE0,11
W05691PAPP0,W00875DFLE0,9
W05691PAPP0,W00875DFLE0,2
W05691PAPP0,W00875DFLE0,1
W05691PAPP0,W00875DFLE0,43
W05691PAPP0,W00928PFLE0,2
W05691PAPP0,W00928PFLE0,1
W05691PAPP0,W00928PFLE0,12
W05691PAPP0,W00928PFLE0,15
W05691PAPP0,W00928PFLE0,2
W05691PAPP0,W00928PFLE0,1
W05691PAPP0,W00928PFLE0,43
W05691PAPP0,W00928PFLE0,2
W05691PAPP0,W01345PAPP0,4
W05691PAPP0,W01345PAPP0,11
W05691PAPP0,W01345PAPP0,16
W05691PAPP0,W01345PAPP0,2
W05691PAPP0,W01345PAPP0,43
W05691PAPP0,W01345PAPP0,2
W05691PAPP0,W01605PAPP0,1
W05691PAPP0,W01605PAPP0,13
W05691PAPP0,W01605PAPP0,1
W05691PAPP0,W01605PAPP0,52
W05691PAPP0,W01605PAPP0,2
W05691PAPP0,W01606PAPP0,2
W05691PAPP0,W01606PAPP0,10
W05691PAPP0,W01606PAPP0,15
W05691PAPP0,W01606PAPP0,2
W05691PAPP0,W01606PAPP0,41
W05691PAPP0,W01606PAPP0,1
W05691PAPP0,W01608PNOD1,3
W05691PAPP0,W01608PNOD1,11
W05691PAPP0,W01608PNOD1,17
W05691PAPP0,W01608PNOD1,1
W05691PAPP0,W01608PNOD1,1
W05691PAPP0,W01608PNOD1,47
W05691PAPP0,W01608PNOD1,2
W05691PAPP0,W01725UAPP0,18
W05691PAPP0,W01725UAPP0,20
W05691PAPP0,W01725UAPP0,2
W05691PAPP0,W01725UAPP0,57
W05691PAPP0,W02129PAPP0,1
W05691PAPP0,W02129PAPP0,11
W05691PAPP0,W02129PAPP0,12
W05691PAPP0,W02129PAPP0,1
W05691PAPP0,W02129PAPP0,1
W05691PAPP0,W02129PAPP0,2
W05691PAPP0,W02129PAPP0,55
W05691PAPP0,W02129PAPP0,1
W05691PAPP0,W02130PAPP0,1
W05691PAPP0,W02130PAPP0,11
W05691PAPP0,W02130PAPP0,6
W05691PAPP0,W02130PAPP0,2
W05691PAPP0,W02130PAPP0,1
W05691PAPP0,W02130PAPP0,42
W05691PAPP0,W02130PAPP0,1
W05691PAPP0,W02283PAPP0,1
W05691PAPP0,W02283PAPP0,12
W05691PAPP0,W02283PAPP0,9
W05691PAPP0,W02283PAPP0,2
W05691PAPP0,W02283PAPP0,42
W05691PAPP0,W02283PAPP0,2
W05691PAPP0,W02369PAPP0,1
W05691PAPP0,W02369PAPP0,15
W05691PAPP0,W02369PAPP0,17
W05691PAPP0,W02369PAPP0,2
W05691PAPP0,W02369PAPP0,43
W05691PAPP0,W02369PAPP0,1
W05691PAPP0,W02475PAPP0,1
W05691PAPP0,W02475PAPP0,2
W05691PAPP0,W02475PAPP0,14
W05691PAPP0,W02475PAPP0,9
W05691PAPP0,W02475PAPP0,1
W05691PAPP0,W02475PAPP0,39
W05691PAPP0,W02475PAPP0,1
W05691PAPP0,W02476PAPP0,1
W05691PAPP0,W02476PAPP0,11
W05691PAPP0,W02476PAPP0,12
W05691PAPP0,W02476PAPP0,1
W05691PAPP0,W02476PAPP0,47
W05691PAPP0,W02476PAPP0,1
W05691PAPP0,W02509PAPP0,1
W05691PAPP0,W02509PAPP0,8
W05691PAPP0,W02509PAPP0,9
W05691PAPP0,W02509PAPP0,56
W05691PAPP0,W02510PAPP1,13
W05691PAPP0,W02510PAPP1,15
W05691PAPP0,W02510PAPP1,50
W05691PAPP0,W02561PAPP0,2
W05691PAPP0,W02561PAPP0,12
W05691PAPP0,W02561PAPP0,13
W05691PAPP0,W02561PAPP0,1
W05691PAPP0,W02561PAPP0,48
W05691PAPP0,W02561PAPP0,1
W05691PAPP0,W02762PAPP2,2
W05691PAPP0,W02762PAPP2,16
W05691PAPP0,W02762PAPP2,17
W05691PAPP0,W02762PAPP2,2
W05691PAPP0,W02762PAPP2,1
W05691PAPP0,W02762PAPP2,52
W05691PAPP0,W02762PAPP2,4
W05691PAPP0,W02763PAPP1,1
W05691PAPP0,W02763PAPP1,5
W05691PAPP0,W02763PAPP1,16
W05691PAPP0,W02763PAPP2,2
W05691PAPP0,W02763PAPP2,4
W05691PAPP0,W02763PAPP2,4
W05691PAPP0,W02764PNOD2,4
W05691PAPP0,W02764PNOD2,1
W05691PAPP0,W02764PNOD2,2
W05691PAPP0,W02764PNOD2,12
W05691PAPP0,W02764PNOD2,13
W05691PAPP0,W02764PNOD2,1
W05691PAPP0,W02764PNOD2,1
W05691PAPP0,W02764PNOD2,1
W05691PAPP0,W02764PNOD2,1
W05691PAPP0,W02764PNOD2,1
W05691PAPP0,W02764PNOD2,2
W05691PAPP0,W02764PNOD2,50
W05691PAPP0,W02764PNOD2,5
W05691PAPP0,W02764PNOD2,2
W05691PAPP0,W02764PNOD2,3
W05691PAPP0,W02764PNOD2,2
W05691PAPP0,W02764PNOD2,5
W05691PAPP0,W02764PNOD2,2
W05691PAPP0,W02764PNOD3,1
W05691PAPP0,W02764PNOD3,2
W05691PAPP0,W02764PNOD3,11
W05691PAPP0,W02764PNOD3,7
W05691PAPP0,W02764PNOD3,2
W05691PAPP0,W02764PNOD3,49
W05691PAPP0,W02764PNOD3,3
W05691PAPP0,W02765PSQL0,2
W05691PAPP0,W02765PSQL0,10
W05691PAPP0,W02765PSQL0,12
W05691PAPP0,W02765PSQL0,1
W05691PAPP0,W02765PSQL0,1
W05691PAPP0,W02765PSQL0,1
W05691PAPP0,W02765PSQL0,24
W05691PAPP0,W02765PSQL0,2
W05691PAPP0,W02820DAPP0,1
W05691PAPP0,W02820DAPP0,2
W05691PAPP0,W02820DAPP0,2
W05691PAPP0,W02820DAPP0,6
W05691PAPP0,W02820DAPP0,6
W05691PAPP0,W02821DSQL0,2
W05691PAPP0,W02821DSQL0,12
W05691PAPP0,W02821DSQL0,9
W05691PAPP0,W02821DSQL0,2
W05691PAPP0,W02821DSQL0,1
W05691PAPP0,W02821DSQL0,46
W05691PAPP0,W02821DSQL0,3
W05691PAPP0,W02823PAPP0,1
W05691PAPP0,W02823PAPP0,11
W05691PAPP0,W02823PAPP0,12
W05691PAPP0,W02823PAPP0,1
W05691PAPP0,W02823PAPP0,54
W05691PAPP0,W02823PAPP0,1
W05691PAPP0,W02824PAPP0,11
W05691PAPP0,W02824PAPP0,14
W05691PAPP0,W02824PAPP0,54
W05691PAPP0,W02825PNOD1,1
W05691PAPP0,W02825PNOD1,2
W05691PAPP0,W02825PNOD1,12
W05691PAPP0,W02825PNOD1,3
W05691PAPP0,W02825PNOD1,4
W05691PAPP0,W02825PNOD1,4
W05691PAPP0,W02825PNOD1,4
W05691PAPP0,W02825PNOD1,43
W05691PAPP0,W02825PNOD1,5
W05691PAPP0,W02825PNOD1,2
W05691PAPP0,W02825PNOD1,2
W05691PAPP0,W02825PNOD1,2
W05691PAPP0,W02825PNOD1,2
W05691PAPP0,W02825PNOD1,3
W05691PAPP0,W02825PNOD2,2
W05691PAPP0,W02825PNOD2,2
W05691PAPP0,W02825PNOD2,10
W05691PAPP0,W02825PNOD2,9
W05691PAPP0,W02825PNOD2,3
W05691PAPP0,W02825PNOD2,46
W05691PAPP0,W02825PNOD2,2
W05691PAPP0,W02856DAPP0,1
W05691PAPP0,W02856DAPP0,2
W05691PAPP0,W02856DAPP0,1
W05691PAPP0,W02856DAPP0,5
W05691PAPP0,W02856DAPP0,6
W05691PAPP0,W02857PAPP0,1
W05691PAPP0,W02857PAPP0,11
W05691PAPP0,W02857PAPP0,13
W05691PAPP0,W02857PAPP0,42
W05691PAPP0,W02857PAPP0,2
W05691PAPP0,W02872PAPP0,10
W05691PAPP0,W02872PAPP0,13
W05691PAPP0,W02872PAPP0,47
W05691PAPP0,W02894QNOD1,1
W05691PAPP0,W02894QNOD1,19
W05691PAPP0,W02894QNOD1,23
W05691PAPP0,W02894QNOD1,2
W05691PAPP0,W02894QNOD1,1
W05691PAPP0,W02894QNOD1,73
W05691PAPP0,W02894QNOD2,7
W05691PAPP0,W02894QNOD2,5
W05691PAPP0,W02894QNOD2,18
W05691PAPP0,W02894QNOD2,34
W05691PAPP0,W02894QNOD2,2
W05691PAPP0,W02894QNOD2,2
W05691PAPP0,W02894QNOD2,4
W05691PAPP0,W02894QNOD2,4
W05691PAPP0,W02894QNOD2,4
W05691PAPP0,W02894QNOD2,2
W05691PAPP0,W02894QNOD2,3
W05691PAPP0,W02894QNOD2,1
W05691PAPP0,W02894QNOD2,2
W05691PAPP0,W02894QNOD2,1
W05691PAPP0,W02894QNOD2,2
W05691PAPP0,W02894QNOD2,1
W05691PAPP0,W02894QNOD2,2
W05691PAPP0,W02894QNOD2,87
W05691PAPP0,W02894QNOD2,2
W05691PAPP0,W02894QNOD2,2
W05691PAPP0,W02894QNOD2,4
W05691PAPP0,W02895QAPP0,1
W05691PAPP0,W02895QAPP0,2
W05691PAPP0,W02895QAPP0,23
W05691PAPP0,W02895QAPP0,1
W05691PAPP0,W02895QAPP0,2
W05691PAPP0,W02895QAPP0,74
W05691PAPP0,W02895QAPP0,5
W05691PAPP0,W02896QAPP0,1
W05691PAPP0,W02896QAPP0,1
W05691PAPP0,W02896QAPP0,12
W05691PAPP0,W02896QAPP0,24
W05691PAPP0,W02896QAPP0,2
W05691PAPP0,W02896QAPP0,75
W05691PAPP0,W02896QAPP0,5
W05691PAPP0,W02897UAPP0,2
W05691PAPP0,W02897UAPP0,1
W05691PAPP0,W02897UAPP0,16
W05691PAPP0,W02897UAPP0,20
W05691PAPP0,W02897UAPP0,2
W05691PAPP0,W02897UAPP0,2
W05691PAPP0,W02897UAPP0,60
W05691PAPP0,W02952QNOD1,5
W05691PAPP0,W02952QNOD1,1
W05691PAPP0,W02952QNOD1,1
W05691PAPP0,W02952QNOD1,1
W05691PAPP0,W02952QNOD1,21
W05691PAPP0,W02952QNOD1,31
W05691PAPP0,W02952QNOD1,4
W05691PAPP0,W02952QNOD1,4
W05691PAPP0,W02952QNOD1,2
W05691PAPP0,W02952QNOD1,4
W05691PAPP0,W02952QNOD1,1
W05691PAPP0,W02952QNOD1,1
W05691PAPP0,W02952QNOD1,1
W05691PAPP0,W02952QNOD1,2
W05691PAPP0,W02952QNOD1,1
W05691PAPP0,W02952QNOD1,72
W05691PAPP0,W02952QNOD1,2
W05691PAPP0,W02952QNOD1,2
W05691PAPP0,W02952QNOD1,2
W05691PAPP0,W02952QNOD2,1
W05691PAPP0,W02952QNOD2,15
W05691PAPP0,W02952QNOD2,22
W05691PAPP0,W02952QNOD2,2
W05691PAPP0,W02952QNOD2,3
W05691PAPP0,W02952QNOD2,2
W05691PAPP0,W02952QNOD2,64
W05691PAPP0,W02953QAPP0,2
W05691PAPP0,W02953QAPP0,20
W05691PAPP0,W02953QAPP0,22
W05691PAPP0,W02953QAPP0,1
W05691PAPP0,W02953QAPP0,2
W05691PAPP0,W02953QAPP0,60
W05691PAPP0,W02953QAPP0,8
W05691PAPP0,W02954QAPP0,2
W05691PAPP0,W02954QAPP0,18
W05691PAPP0,W02954QAPP0,1
W05691PAPP0,W02954QAPP0,1
W05691PAPP0,W02954QAPP0,2
W05691PAPP0,W02954QAPP0,59
W05691PAPP0,W02957EAPP0,13
W05691PAPP0,W02957EAPP0,18
W05691PAPP0,W02957EAPP0,56
W05691PAPP0,W02962PAPP0,2
W05691PAPP0,W02962PAPP0,11
W05691PAPP0,W02962PAPP0,19
W05691PAPP0,W02962PAPP0,52
W05691PAPP0,W02962PAPP0,1
W05691PAPP0,W02975PAPP0,15
W05691PAPP0,W02975PAPP0,7
W05691PAPP0,W02975PAPP0,48
W05691PAPP0,W03014PAPP0,3
W05691PAPP0,W03014PAPP0,1
W05691PAPP0,W03014PAPP0,2
W05691PAPP0,W03014PAPP0,2
W05691PAPP0,W03014PAPP0,12
W05691PAPP0,W03014PAPP0,20
W05691PAPP0,W03014PAPP0,1
W05691PAPP0,W03014PAPP0,2
W05691PAPP0,W03014PAPP0,2
W05691PAPP0,W03014PAPP0,6
W05691PAPP0,W03014PAPP0,53
W05691PAPP0,W03014PAPP0,2
W05691PAPP0,W03014PAPP0,2
W05691PAPP0,W03015PAPP0,2
W05691PAPP0,W03015PAPP0,2
W05691PAPP0,W03015PAPP0,11
W05691PAPP0,W03015PAPP0,16
W05691PAPP0,W03015PAPP0,2
W05691PAPP0,W03015PAPP0,4
W05691PAPP0,W03015PAPP0,51
W05691PAPP0,W03022PNOD1,1
W05691PAPP0,W03022PNOD1,2
W05691PAPP0,W03022PNOD1,2
W05691PAPP0,W03022PNOD1,4
W05691PAPP0,W03022PNOD1,13
W05691PAPP0,W03022PNOD1,14
W05691PAPP0,W03022PNOD1,1
W05691PAPP0,W03022PNOD1,4
W05691PAPP0,W03022PNOD1,1
W05691PAPP0,W03022PNOD1,1
W05691PAPP0,W03022PNOD1,2
W05691PAPP0,W03022PNOD1,44
W05691PAPP0,W03022PNOD1,4
W05691PAPP0,W03022PNOD1,2
W05691PAPP0,W03022PNOD1,3
W05691PAPP0,W03022PNOD2,1
W05691PAPP0,W03022PNOD2,2
W05691PAPP0,W03022PNOD2,2
W05691PAPP0,W03022PNOD2,2
W05691PAPP0,W03022PNOD2,11
W05691PAPP0,W03022PNOD2,1
W05691PAPP0,W03022PNOD2,2
W05691PAPP0,W03022PNOD2,45
W05691PAPP0,W03022PNOD2,3
W05691PAPP0,W03059PAPP0,2
W05691PAPP0,W03059PAPP0,1
W05691PAPP0,W03059PAPP0,15
W05691PAPP0,W03059PAPP0,19
W05691PAPP0,W03059PAPP0,1
W05691PAPP0,W03059PAPP0,52
W05691PAPP0,W03059PAPP0,1
W05691PAPP0,W03060PAPP0,2
W05691PAPP0,W03060PAPP0,2
W05691PAPP0,W03060PAPP0,11
W05691PAPP0,W03060PAPP0,1
W05691PAPP0,W03060PAPP0,1
W05691PAPP0,W03060PAPP0,40
W05691PAPP0,W03060PAPP0,1
W05691PAPP0,W03066UAPP0,15
W05691PAPP0,W03066UAPP0,22
W05691PAPP0,W03066UAPP0,1
W05691PAPP0,W03066UAPP0,2
W05691PAPP0,W03066UAPP0,62
W05691PAPP0,W03070UAPP0,2
W05691PAPP0,W03070UAPP0,12
W05691PAPP0,W03070UAPP0,15
W05691PAPP0,W03070UAPP0,1
W05691PAPP0,W03070UAPP0,2
W05691PAPP0,W03070UAPP0,49
W05691PAPP0,W03070UAPP0,4
W05691PAPP0,W03072USQL0,11
W05691PAPP0,W03072USQL0,15
W05691PAPP0,W03072USQL0,1
W05691PAPP0,W03072USQL0,47
W05691PAPP0,W03073PNOD1,1
W05691PAPP0,W03073PNOD1,1
W05691PAPP0,W03073PNOD1,12
W05691PAPP0,W03073PNOD1,16
W05691PAPP0,W03073PNOD1,2
W05691PAPP0,W03073PNOD1,4
W05691PAPP0,W03073PNOD1,4
W05691PAPP0,W03073PNOD1,52
W05691PAPP0,W03073PNOD1,6
W05691PAPP0,W03073PNOD1,1
W05691PAPP0,W03073PNOD1,2
W05691PAPP0,W03073PNOD2,1
W05691PAPP0,W03073PNOD2,1
W05691PAPP0,W03073PNOD2,11
W05691PAPP0,W03073PNOD2,14
W05691PAPP0,W03073PNOD2,2
W05691PAPP0,W03073PNOD2,51
W05691PAPP0,W03073PNOD2,4
W05691PAPP0,W03095PNOD1,2
W05691PAPP0,W03095PNOD1,11
W05691PAPP0,W03095PNOD1,13
W05691PAPP0,W03095PNOD1,2
W05691PAPP0,W03095PNOD1,4
W05691PAPP0,W03095PNOD1,2
W05691PAPP0,W03095PNOD1,2
W05691PAPP0,W03095PNOD1,44
W05691PAPP0,W03095PNOD1,1
W05691PAPP0,W03095PNOD1,1
W05691PAPP0,W03095PNOD2,10
W05691PAPP0,W03095PNOD2,13
W05691PAPP0,W03095PNOD2,1
W05691PAPP0,W03095PNOD2,2
W05691PAPP0,W03095PNOD2,42
W05691PAPP0,W03095PNOD2,1
W05691PAPP0,W03096PAPP0,10
W05691PAPP0,W03096PAPP0,6
W05691PAPP0,W03096PAPP0,47
W05691PAPP0,W03097PAPP0,12
W05691PAPP0,W03097PAPP0,47
W05691PAPP0,W03107QAPP0,2
W05691PAPP0,W03107QAPP0,1
W05691PAPP0,W03107QAPP0,19
W05691PAPP0,W03107QAPP0,1
W05691PAPP0,W03107QAPP0,2
W05691PAPP0,W03107QAPP0,59
W05691PAPP0,W03108QAPP0,18
W05691PAPP0,W03108QAPP0,19
W05691PAPP0,W03108QAPP0,2
W05691PAPP0,W03108QAPP0,57
W05691PAPP0,W03110QNOD1,1
W05691PAPP0,W03110QNOD1,5
W05691PAPP0,W03110QNOD1,22
W05691PAPP0,W03110QNOD1,27
W05691PAPP0,W03110QNOD1,2
W05691PAPP0,W03110QNOD1,70
W05691PAPP0,W03110QNOD2,3
W05691PAPP0,W03110QNOD2,2
W05691PAPP0,W03110QNOD2,2
W05691PAPP0,W03110QNOD2,18
W05691PAPP0,W03110QNOD2,22
W05691PAPP0,W03110QNOD2,4
W05691PAPP0,W03110QNOD2,2
W05691PAPP0,W03110QNOD2,4
W05691PAPP0,W03110QNOD2,4
W05691PAPP0,W03110QNOD2,2
W05691PAPP0,W03110QNOD2,1
W05691PAPP0,W03110QNOD2,2
W05691PAPP0,W03110QNOD2,1
W05691PAPP0,W03110QNOD2,1
W05691PAPP0,W03110QNOD2,61
W05691PAPP0,W03110QNOD2,2
W05691PAPP0,W03110QNOD2,2
W05691PAPP0,W03110QNOD2,4
W05691PAPP0,W03110QNOD2,2
W05691PAPP0,W03125DAPP0,2
W05691PAPP0,W03125DAPP0,1
W05691PAPP0,W03125DAPP0,12
W05691PAPP0,W03125DAPP0,5
W05691PAPP0,W03126DSQL0,1
W05691PAPP0,W03126DSQL0,11
W05691PAPP0,W03126DSQL0,12
W05691PAPP0,W03126DSQL0,2
W05691PAPP0,W03126DSQL0,3
W05691PAPP0,W03126DSQL0,43
W05691PAPP0,W03126DSQL0,6
W05691PAPP0,W03126DSQL0,2
W05691PAPP0,W03139PAPP0,1
W05691PAPP0,W03139PAPP0,13
W05691PAPP0,W03139PAPP0,16
W05691PAPP0,W03139PAPP0,50
W05691PAPP0,W03139PAPP0,1
W05691PAPP0,W03156PNOD1,1
W05691PAPP0,W03156PNOD1,1
W05691PAPP0,W03156PNOD1,15
W05691PAPP0,W03156PNOD1,7
W05691PAPP0,W03156PNOD1,4
W05691PAPP0,W03156PNOD1,4
W05691PAPP0,W03156PNOD1,50
W05691PAPP0,W03156PNOD1,6
W05691PAPP0,W03156PNOD1,2
W05691PAPP0,W03156PNOD1,2
W05691PAPP0,W03156PNOD2,2
W05691PAPP0,W03156PNOD2,1
W05691PAPP0,W03156PNOD2,11
W05691PAPP0,W03156PNOD2,9
W05691PAPP0,W03156PNOD2,1
W05691PAPP0,W03156PNOD2,4
W05691PAPP0,W03156PNOD2,50
W05691PAPP0,W03156PNOD2,5
W05691PAPP0,W03156PNOD2,2
W05691PAPP0,W03157PAPP0,10
W05691PAPP0,W03157PAPP0,15
W05691PAPP0,W03157PAPP0,1
W05691PAPP0,W03157PAPP0,41
W05691PAPP0,W03158PAPP0,3
W05691PAPP0,W03158PAPP0,15
W05691PAPP0,W03158PAPP0,8
W05691PAPP0,W03158PAPP0,40
W05691PAPP0,W03158PAPP0,1
W05691PAPP0,W03190DAPP0,2
W05691PAPP0,W03190DAPP0,13
W05691PAPP0,W03190DAPP0,15
W05691PAPP0,W03190DAPP0,2
W05691PAPP0,W03190DAPP0,2
W05691PAPP0,W03190DAPP0,47
W05691PAPP0,W03190DAPP0,3
W05691PAPP0,W03191DNOD1,1
W05691PAPP0,W03191DNOD1,2
W05691PAPP0,W03191DNOD1,11
W05691PAPP0,W03191DNOD1,12
W05691PAPP0,W03191DNOD1,1
W05691PAPP0,W03191DNOD1,1
W05691PAPP0,W03191DNOD1,51
W05691PAPP0,W03191DNOD1,4
W05691PAPP0,W03191DNOD2,4
W05691PAPP0,W03191DNOD2,2
W05691PAPP0,W03191DNOD2,13
W05691PAPP0,W03191DNOD2,47
W05691PAPP0,W03191DNOD2,13
W05691PAPP0,W03191DNOD2,4
W05691PAPP0,W03191DNOD2,8
W05691PAPP0,W03191DNOD2,12
W05691PAPP0,W03191DNOD2,4
W05691PAPP0,W03191DNOD2,12
W05691PAPP0,W03191DNOD2,4
W05691PAPP0,W03191DNOD2,1
W05691PAPP0,W03191DNOD2,1
W05691PAPP0,W03191DNOD2,5
W05691PAPP0,W03191DNOD2,1
W05691PAPP0,W03191DNOD2,50
W05691PAPP0,W03191DNOD2,4
W05691PAPP0,W03191DNOD2,2
W05691PAPP0,W03191DNOD2,2
W05691PAPP0,W03191DNOD2,2
W05691PAPP0,W03209DAPP0,2
W05691PAPP0,W03209DAPP0,20
W05691PAPP0,W03209DAPP0,25
W05691PAPP0,W03209DAPP0,2
W05691PAPP0,W03209DAPP0,82
W05691PAPP0,W03209DAPP0,6
W05691PAPP0,W03210DSQL0,2
W05691PAPP0,W03210DSQL0,18
W05691PAPP0,W03210DSQL0,22
W05691PAPP0,W03210DSQL0,1
W05691PAPP0,W03210DSQL0,4
W05691PAPP0,W03210DSQL0,60
W05691PAPP0,W03211DSQL0,1
W05691PAPP0,W03211DSQL0,12
W05691PAPP0,W03211DSQL0,16
W05691PAPP0,W03211DSQL0,1
W05691PAPP0,W03211DSQL0,1
W05691PAPP0,W03211DSQL0,43
W05691PAPP0,W03211DSQL0,2
W05691PAPP0,W03212DAPP0,1
W05691PAPP0,W03212DAPP0,11
W05691PAPP0,W03212DAPP0,13
W05691PAPP0,W03212DAPP0,2
W05691PAPP0,W03212DAPP0,42
W05691PAPP0,W03212DAPP0,2
W05691PAPP0,W03328PSQL0,1
W05691PAPP0,W03328PSQL0,2
W05691PAPP0,W03328PSQL0,10
W05691PAPP0,W03328PSQL0,9
W05691PAPP0,W03328PSQL0,2
W05691PAPP0,W03328PSQL0,50
W05691PAPP0,W03328PSQL0,3
W05691PAPP0,W03330DAPP0,1
W05691PAPP0,W03330DAPP0,12
W05691PAPP0,W03330DAPP0,7
W05691PAPP0,W03330DAPP0,2
W05691PAPP0,W03330DAPP0,9
W05691PAPP0,W03330DAPP0,41
W05691PAPP0,W03330DAPP0,2
W05691PAPP0,W03351DAPP0,1
W05691PAPP0,W03351DAPP0,11
W05691PAPP0,W03351DAPP0,9
W05691PAPP0,W03351DAPP0,2
W05691PAPP0,W03351DAPP0,2
W05691PAPP0,W03351DAPP0,44
W05691PAPP0,W03351DAPP0,2
W05691PAPP0,W03453PNOD1,2
W05691PAPP0,W03453PNOD1,1
W05691PAPP0,W03453PNOD1,4
W05691PAPP0,W03453PNOD1,1
W05691PAPP0,W03453PNOD1,15
W05691PAPP0,W03453PNOD1,7
W05691PAPP0,W03453PNOD1,2
W05691PAPP0,W03453PNOD1,4
W05691PAPP0,W03453PNOD1,2
W05691PAPP0,W03453PNOD1,50
W05691PAPP0,W03453PNOD1,6
W05691PAPP0,W03453PNOD1,2
W05691PAPP0,W03453PNOD2,2
W05691PAPP0,W03453PNOD2,4
W05691PAPP0,W03453PNOD2,15
W05691PAPP0,W03453PNOD2,17
W05691PAPP0,W03453PNOD2,4
W05691PAPP0,W03453PNOD2,51
W05691PAPP0,W03453PNOD2,2
W05691PAPP0,W03453PNOD2,1
W05691PAPP0,W03537QSQL0,2
W05691PAPP0,W03537QSQL0,2
W05691PAPP0,W03537QSQL0,16
W05691PAPP0,W03537QSQL0,24
W05691PAPP0,W03537QSQL0,4
W05691PAPP0,W03537QSQL0,8
W05691PAPP0,W03537QSQL0,76
W05691PAPP0,W03537QSQL0,6
W05691PAPP0,W03804QAPP0,2
W05691PAPP0,W03804QAPP0,14
W05691PAPP0,W03804QAPP0,26
W05691PAPP0,W03804QAPP0,8
W05691PAPP0,W03804QAPP0,74
W05691PAPP0,W03804QAPP0,7
W05691PAPP0,W03807PAPP0,13
W05691PAPP0,W03807PAPP0,8
W05691PAPP0,W03807PAPP0,42
W05691PAPP0,W03866QNOD1,1
W05691PAPP0,W03866QNOD1,2
W05691PAPP0,W03866QNOD1,2
W05691PAPP0,W03866QNOD1,17
W05691PAPP0,W03866QNOD1,24
W05691PAPP0,W03866QNOD1,2
W05691PAPP0,W03866QNOD1,4
W05691PAPP0,W03866QNOD1,4
W05691PAPP0,W03866QNOD1,8
W05691PAPP0,W03866QNOD1,4
W05691PAPP0,W03866QNOD1,2
W05691PAPP0,W03866QNOD1,4
W05691PAPP0,W03866QNOD1,2
W05691PAPP0,W03866QNOD1,71
W05691PAPP0,W03866QNOD1,2
W05691PAPP0,W03866QNOD1,2
W05691PAPP0,W03866QNOD1,2
W05691PAPP0,W03866QNOD2,3
W05691PAPP0,W03866QNOD2,14
W05691PAPP0,W03866QNOD2,22
W05691PAPP0,W03866QNOD2,8
W05691PAPP0,W03866QNOD2,73
W05691PAPP0,W03869PNOD1,1
W05691PAPP0,W03869PNOD1,2
W05691PAPP0,W03869PNOD1,4
W05691PAPP0,W03869PNOD1,10
W05691PAPP0,W03869PNOD1,2
W05691PAPP0,W03869PNOD1,2
W05691PAPP0,W03869PNOD1,5
W05691PAPP0,W03869PNOD1,51
W05691PAPP0,W03869PNOD1,6
W05691PAPP0,W03869PNOD2,2
W05691PAPP0,W03869PNOD2,9
W05691PAPP0,W03869PNOD2,4
W05691PAPP0,W03869PNOD2,4
W05691PAPP0,W03869PNOD2,52
W05691PAPP0,W03869PNOD2,2
W05691PAPP0,W03869PNOD2,2
W05691PAPP0,W03869PNOD2,5
W05691PAPP0,W03898PMON0,1
W05691PAPP0,W03898PMON0,12
W05691PAPP0,W03898PMON0,9
W05691PAPP0,W03898PMON0,1
W05691PAPP0,W03898PMON0,41
W05691PAPP0,W03898PMON0,2
W05691PAPP0,W03900PMBX0,2
W05691PAPP0,W03900PMBX0,15
W05691PAPP0,W03900PMBX0,7
W05691PAPP0,W03900PMBX0,40
W05691PAPP0,W03926PAPP0,1
W05691PAPP0,W03926PAPP0,12
W05691PAPP0,W03926PAPP0,13
W05691PAPP0,W03926PAPP0,1
W05691PAPP0,W03926PAPP0,47
W05691PAPP0,W03926PAPP0,1
W05691PAPP0,W04009PAPP0,1
W05691PAPP0,W04013PSQL0,1
W05691PAPP0,W04042QAPP0,2
W05691PAPP0,W04042QAPP0,1
W05691PAPP0,W04042QAPP0,10
W05691PAPP0,W04042QAPP0,23
W05691PAPP0,W04042QAPP0,1
W05691PAPP0,W04042QAPP0,4
W05691PAPP0,W04042QAPP0,76
W05691PAPP0,W04042QAPP0,4
W05691PAPP0,W04048QAPP0,1
W05691PAPP0,W04048QAPP0,2
W05691PAPP0,W04048QAPP0,12
W05691PAPP0,W04048QAPP0,23
W05691PAPP0,W04048QAPP0,1
W05691PAPP0,W04048QAPP0,4
W05691PAPP0,W04048QAPP0,86
W05691PAPP0,W04049PAPP0,2
W05691PAPP0,W04049PAPP0,12
W05691PAPP0,W04049PAPP0,1
W05691PAPP0,W04049PAPP0,41
W05691PAPP0,W04049PAPP0,1
W05691PAPP0,W04050PAPP0,10
W05691PAPP0,W04050PAPP0,12
W05691PAPP0,W04050PAPP0,42
W05691PAPP0,W04051PAPP0,1
W05691PAPP0,W04051PAPP0,10
W05691PAPP0,W04051PAPP0,9
W05691PAPP0,W04051PAPP0,2
W05691PAPP0,W04051PAPP0,41
W05691PAPP0,W04051PAPP0,1
W05691PAPP0,W04150PSQL0,2
W05691PAPP0,W04150PSQL0,11
W05691PAPP0,W04150PSQL0,13
W05691PAPP0,W04150PSQL0,43
W05691PAPP0,W04150PSQL0,1
W05691PAPP0,W04158PAPP0,1
W05691PAPP0,W04158PAPP0,12
W05691PAPP0,W04158PAPP0,14
W05691PAPP0,W04158PAPP0,43
W05691PAPP0,W04158PAPP0,1
W05691PAPP0,W04165PAPP0,12
W05691PAPP0,W04165PAPP0,15
W05691PAPP0,W04165PAPP0,41
W05691PAPP0,W04181PNOD1,4
W05691PAPP0,W04181PNOD1,12
W05691PAPP0,W04181PNOD1,22
W05691PAPP0,W04181PNOD1,3
W05691PAPP0,W04181PNOD1,4
W05691PAPP0,W04181PNOD1,3
W05691PAPP0,W04181PNOD1,2
W05691PAPP0,W04181PNOD1,42
W05691PAPP0,W04181PNOD1,3
W05691PAPP0,W04181PNOD1,2
W05691PAPP0,W04181PNOD2,12
W05691PAPP0,W04181PNOD2,6
W05691PAPP0,W04181PNOD2,2
W05691PAPP0,W04181PNOD2,1
W05691PAPP0,W04181PNOD2,42
W05691PAPP0,W04181PNOD2,1
W05691PAPP0,W04197PAPP0,1
W05691PAPP0,W04197PAPP0,14
W05691PAPP0,W04197PAPP0,8
W05691PAPP0,W04197PAPP0,1
W05691PAPP0,W04197PAPP0,47
W05691PAPP0,W04197PAPP0,1
W05691PAPP0,W04227QAPP0,15
W05691PAPP0,W04227QAPP0,20
W05691PAPP0,W04227QAPP0,1
W05691PAPP0,W04227QAPP0,4
W05691PAPP0,W04227QAPP0,59
W05691PAPP0,W04228QSQL0,15
W05691PAPP0,W04228QSQL0,21
W05691PAPP0,W04228QSQL0,4
W05691PAPP0,W04228QSQL0,55
W05691PAPP0,W04238QNOD1,5
W05691PAPP0,W04238QNOD1,4
W05691PAPP0,W04238QNOD1,4
W05691PAPP0,W04238QNOD1,19
W05691PAPP0,W04238QNOD1,21
W05691PAPP0,W04238QNOD1,2
W05691PAPP0,W04238QNOD1,4
W05691PAPP0,W04238QNOD1,4
W05691PAPP0,W04238QNOD1,8
W05691PAPP0,W04238QNOD1,4
W05691PAPP0,W04238QNOD1,2
W05691PAPP0,W04238QNOD1,4
W05691PAPP0,W04238QNOD1,1
W05691PAPP0,W04238QNOD1,66
W05691PAPP0,W04238QNOD1,6
W05691PAPP0,W04238QNOD1,6
W05691PAPP0,W04238QNOD1,2
W05691PAPP0,W04238QNOD1,2
W05691PAPP0,W04238QNOD2,5
W05691PAPP0,W04238QNOD2,7
W05691PAPP0,W04238QNOD2,22
W05691PAPP0,W04238QNOD2,28
W05691PAPP0,W04238QNOD2,4
W05691PAPP0,W04238QNOD2,65
W05691PAPP0,W04238QNOD2,6
W05691PAPP0,W04251QNOD1,2
W05691PAPP0,W04251QNOD1,4
W05691PAPP0,W04251QNOD1,10
W05691PAPP0,W04251QNOD1,24
W05691PAPP0,W04251QNOD1,4
W05691PAPP0,W04251QNOD1,61
W05691PAPP0,W04251QNOD2,2
W05691PAPP0,W04251QNOD2,2
W05691PAPP0,W04251QNOD2,4
W05691PAPP0,W04251QNOD2,4
W05691PAPP0,W04251QNOD2,21
W05691PAPP0,W04251QNOD2,32
W05691PAPP0,W04251QNOD2,4
W05691PAPP0,W04251QNOD2,4
W05691PAPP0,W04251QNOD2,4
W05691PAPP0,W04251QNOD2,1
W05691PAPP0,W04251QNOD2,1
W05691PAPP0,W04251QNOD2,2
W05691PAPP0,W04251QNOD2,62
W05691PAPP0,W05004PNOD1,4
W05691PAPP0,W05004PNOD1,3
W05691PAPP0,W05004PNOD1,2
W05691PAPP0,W05004PNOD1,6
W05691PAPP0,W05004PNOD1,11
W05691PAPP0,W05004PNOD1,25
W05691PAPP0,W05004PNOD1,3
W05691PAPP0,W05004PNOD1,2
W05691PAPP0,W05004PNOD1,4
W05691PAPP0,W05004PNOD1,4
W05691PAPP0,W05004PNOD1,3
W05691PAPP0,W05004PNOD1,2
W05691PAPP0,W05004PNOD1,2
W05691PAPP0,W05004PNOD1,53
W05691PAPP0,W05004PNOD1,3
W05691PAPP0,W05004PNOD1,2
W05691PAPP0,W05004PNOD1,2
W05691PAPP0,W05004PNOD2,1
W05691PAPP0,W05004PNOD2,15
W05691PAPP0,W05004PNOD2,9
W05691PAPP0,W05004PNOD2,2
W05691PAPP0,W05004PNOD2,3
W05691PAPP0,W05004PNOD2,48
W05691PAPP0,W05004PNOD2,3
W05691PAPP0,W05010PAPP0,12
W05691PAPP0,W05010PAPP0,14
W05691PAPP0,W05010PAPP0,2
W05691PAPP0,W05010PAPP0,41
W05691PAPP0,W05011PAPP0,12
W05691PAPP0,W05011PAPP0,9
W05691PAPP0,W05011PAPP0,41
W05691PAPP0,W05012PAPP0,1
W05691PAPP0,W05012PAPP0,10
W05691PAPP0,W05012PAPP0,9
W05691PAPP0,W05012PAPP0,1
W05691PAPP0,W05012PAPP0,1
W05691PAPP0,W05012PAPP0,42
W05691PAPP0,W05012PAPP0,1
W05691PAPP0,W05013PAPP0,1
W05691PAPP0,W05013PAPP0,12
W05691PAPP0,W05013PAPP0,7
W05691PAPP0,W05013PAPP0,1
W05691PAPP0,W05013PAPP0,53
W05691PAPP0,W05013PAPP0,1
W05691PAPP0,W05015QAPP0,3
W05691PAPP0,W05015QAPP0,15
W05691PAPP0,W05015QAPP0,21
W05691PAPP0,W05015QAPP0,1
W05691PAPP0,W05015QAPP0,3
W05691PAPP0,W05015QAPP0,6
W05691PAPP0,W05015QAPP0,62
W05691PAPP0,W05015QAPP0,8
W05691PAPP0,W05049PBKP0,13
W05691PAPP0,W05049PBKP0,9
W05691PAPP0,W05049PBKP0,43
W05691PAPP0,W05053PNOD1,2
W05691PAPP0,W05053PNOD1,2
W05691PAPP0,W05053PNOD1,11
W05691PAPP0,W05053PNOD1,13
W05691PAPP0,W05053PNOD1,1
W05691PAPP0,W05053PNOD1,4
W05691PAPP0,W05053PNOD1,1
W05691PAPP0,W05053PNOD1,4
W05691PAPP0,W05053PNOD1,2
W05691PAPP0,W05053PNOD1,48
W05691PAPP0,W05053PNOD1,2
W05691PAPP0,W05053PNOD1,2
W05691PAPP0,W05053PNOD1,3
W05691PAPP0,W05053PNOD1,2
W05691PAPP0,W05053PNOD2,1
W05691PAPP0,W05053PNOD2,1
W05691PAPP0,W05053PNOD2,12
W05691PAPP0,W05053PNOD2,18
W05691PAPP0,W05053PNOD2,1
W05691PAPP0,W05053PNOD2,47
W05691PAPP0,W05053PNOD2,2
W05691PAPP0,W05054PNOD1,1
W05691PAPP0,W05054PNOD1,2
W05691PAPP0,W05054PNOD1,3
W05691PAPP0,W05054PNOD1,4
W05691PAPP0,W05054PNOD1,2
W05691PAPP0,W05054PNOD1,10
W05691PAPP0,W05054PNOD1,15
W05691PAPP0,W05054PNOD1,3
W05691PAPP0,W05054PNOD1,2
W05691PAPP0,W05054PNOD1,4
W05691PAPP0,W05054PNOD1,4
W05691PAPP0,W05054PNOD1,6
W05691PAPP0,W05054PNOD1,2
W05691PAPP0,W05054PNOD1,4
W05691PAPP0,W05054PNOD1,51
W05691PAPP0,W05054PNOD1,5
W05691PAPP0,W05054PNOD1,2
W05691PAPP0,W05054PNOD1,2
W05691PAPP0,W05054PNOD2,4
W05691PAPP0,W05054PNOD2,3
W05691PAPP0,W05054PNOD2,19
W05691PAPP0,W05054PNOD2,7
W05691PAPP0,W05054PNOD2,2
W05691PAPP0,W05054PNOD2,51
W05691PAPP0,W05054PNOD2,3
W05691PAPP0,W05093QAPP0,1
W05691PAPP0,W05093QAPP0,17
W05691PAPP0,W05093QAPP0,19
W05691PAPP0,W05093QAPP0,2
W05691PAPP0,W05093QAPP0,1
W05691PAPP0,W05093QAPP0,56
W05691PAPP0,W05094QNOD1,2
W05691PAPP0,W05094QNOD1,2
W05691PAPP0,W05094QNOD1,2
W05691PAPP0,W05094QNOD1,1
W05691PAPP0,W05094QNOD1,1
W05691PAPP0,W05094QNOD1,4
W05691PAPP0,W05094QNOD1,18
W05691PAPP0,W05094QNOD1,24
W05691PAPP0,W05094QNOD1,1
W05691PAPP0,W05094QNOD1,4
W05691PAPP0,W05094QNOD1,4
W05691PAPP0,W05094QNOD1,4
W05691PAPP0,W05094QNOD1,4
W05691PAPP0,W05094QNOD1,4
W05691PAPP0,W05094QNOD1,4
W05691PAPP0,W05094QNOD1,4
W05691PAPP0,W05094QNOD1,7
W05691PAPP0,W05094QNOD1,89
W05691PAPP0,W05094QNOD1,4
W05691PAPP0,W05094QNOD1,4
W05691PAPP0,W05094QNOD2,1
W05691PAPP0,W05094QNOD2,13
W05691PAPP0,W05094QNOD2,25
W05691PAPP0,W05094QNOD2,4
W05691PAPP0,W05094QNOD2,1
W05691PAPP0,W05094QNOD2,92
W05691PAPP0,W05095QNOD1,4
W05691PAPP0,W05095QNOD1,27
W05691PAPP0,W05095QNOD1,8
W05691PAPP0,W05095QNOD1,4
W05691PAPP0,W05095QNOD1,86
W05691PAPP0,W05095QNOD2,1
W05691PAPP0,W05095QNOD2,1
W05691PAPP0,W05095QNOD2,1
W05691PAPP0,W05095QNOD2,1
W05691PAPP0,W05095QNOD2,2
W05691PAPP0,W05095QNOD2,4
W05691PAPP0,W05095QNOD2,19
W05691PAPP0,W05095QNOD2,28
W05691PAPP0,W05095QNOD2,2
W05691PAPP0,W05095QNOD2,4
W05691PAPP0,W05095QNOD2,4
W05691PAPP0,W05095QNOD2,4
W05691PAPP0,W05095QNOD2,4
W05691PAPP0,W05095QNOD2,8
W05691PAPP0,W05095QNOD2,2
W05691PAPP0,W05095QNOD2,81
W05691PAPP0,W05095QNOD2,3
W05691PAPP0,W05095QNOD2,2
W05691PAPP0,W05115PNOD1,4
W05691PAPP0,W05115PNOD1,1
W05691PAPP0,W05115PNOD1,13
W05691PAPP0,W05115PNOD1,17
W05691PAPP0,W05115PNOD1,3
W05691PAPP0,W05115PNOD1,4
W05691PAPP0,W05115PNOD1,52
W05691PAPP0,W05115PNOD1,1
W05691PAPP0,W05115PNOD1,2
W05691PAPP0,W05115PNOD2,4
W05691PAPP0,W05115PNOD2,1
W05691PAPP0,W05115PNOD2,13
W05691PAPP0,W05115PNOD2,1
W05691PAPP0,W05115PNOD2,4
W05691PAPP0,W05115PNOD2,52
W05691PAPP0,W05115PNOD2,1
W05691PAPP0,W05115PNOD2,2
W05691PAPP0,W05115PNOD3,3
W05691PAPP0,W05115PNOD3,4
W05691PAPP0,W05115PNOD3,2
W05691PAPP0,W05115PNOD3,4
W05691PAPP0,W05115PNOD3,3
W05691PAPP0,W05115PNOD3,12
W05691PAPP0,W05115PNOD3,17
W05691PAPP0,W05115PNOD3,5
W05691PAPP0,W05115PNOD3,4
W05691PAPP0,W05115PNOD3,3
W05691PAPP0,W05115PNOD3,2
W05691PAPP0,W05115PNOD3,3
W05691PAPP0,W05115PNOD3,50
W05691PAPP0,W05115PNOD3,2
W05691PAPP0,W05115PNOD3,1
W05691PAPP0,W05117PAPP0,1
W05691PAPP0,W05117PAPP0,10
W05691PAPP0,W05117PAPP0,11
W05691PAPP0,W05117PAPP0,1
W05691PAPP0,W05117PAPP0,52
W05691PAPP0,W05117PAPP0,1
W05691PAPP0,W05120QAPP0,26
W05691PAPP0,W05120QAPP0,30
W05691PAPP0,W05120QAPP0,1
W05691PAPP0,W05120QAPP0,82
W05691PAPP0,W05142PAPP0,1
W05691PAPP0,W05142PAPP0,10
W05691PAPP0,W05142PAPP0,9
W05691PAPP0,W05142PAPP0,1
W05691PAPP0,W05142PAPP0,47
W05691PAPP0,W05142PAPP0,2
W05691PAPP0,W05160PAPP0,24
W05691PAPP0,W05160PAPP0,25
W05691PAPP0,W05160PAPP0,4
W05691PAPP0,W05160PAPP0,8
W05691PAPP0,W05160PAPP0,83
W05691PAPP0,W05169PAPP0,1
W05691PAPP0,W05169PAPP0,11
W05691PAPP0,W05169PAPP0,12
W05691PAPP0,W05169PAPP0,1
W05691PAPP0,W05169PAPP0,55
W05691PAPP0,W05169PAPP0,1
W05691PAPP0,W05176PSQL0,2
W05691PAPP0,W05176PSQL0,13
W05691PAPP0,W05176PSQL0,8
W05691PAPP0,W05176PSQL0,3
W05691PAPP0,W05176PSQL0,4
W05691PAPP0,W05176PSQL0,45
W05691PAPP0,W05176PSQL0,2
W05691PAPP0,W05219PAPP0,2
W05691PAPP0,W05219PAPP0,13
W05691PAPP0,W05219PAPP0,15
W05691PAPP0,W05219PAPP0,2
W05691PAPP0,W05219PAPP0,43
W05691PAPP0,W05219PAPP0,1
W05691PAPP0,W05245QNOD1,2
W05691PAPP0,W05245QNOD1,20
W05691PAPP0,W05245QNOD1,26
W05691PAPP0,W05245QNOD1,4
W05691PAPP0,W05245QNOD1,91
W05691PAPP0,W05245QNOD2,2
W05691PAPP0,W05245QNOD2,2
W05691PAPP0,W05245QNOD2,17
W05691PAPP0,W05245QNOD2,19
W05691PAPP0,W05245QNOD2,2
W05691PAPP0,W05245QNOD2,2
W05691PAPP0,W05245QNOD2,4
W05691PAPP0,W05245QNOD2,4
W05691PAPP0,W05245QNOD2,4
W05691PAPP0,W05245QNOD2,4
W05691PAPP0,W05245QNOD2,4
W05691PAPP0,W05245QNOD2,2
W05691PAPP0,W05245QNOD2,72
W05691PAPP0,W05245QNOD2,3
W05691PAPP0,W05245QNOD2,4
W05691PAPP0,W05247PNOD1,2
W05691PAPP0,W05247PNOD1,13
W05691PAPP0,W05247PNOD1,6
W05691PAPP0,W05247PNOD1,44
W05691PAPP0,W05247PNOD1,3
W05691PAPP0,W05247PNOD2,2
W05691PAPP0,W05247PNOD2,2
W05691PAPP0,W05247PNOD2,4
W05691PAPP0,W05247PNOD2,14
W05691PAPP0,W05247PNOD2,1
W05691PAPP0,W05247PNOD2,4
W05691PAPP0,W05247PNOD2,4
W05691PAPP0,W05247PNOD2,3
W05691PAPP0,W05247PNOD2,2
W05691PAPP0,W05247PNOD2,5
W05691PAPP0,W05247PNOD2,45
W05691PAPP0,W05247PNOD2,3
W05691PAPP0,W05247PNOD2,2
W05691PAPP0,W05247PNOD2,2
W05691PAPP0,W05248QAPP0,21
W05691PAPP0,W05248QAPP0,9
W05691PAPP0,W05248QAPP0,4
W05691PAPP0,W05248QAPP0,82
W05691PAPP0,W05249QAPP0,19
W05691PAPP0,W05249QAPP0,25
W05691PAPP0,W05249QAPP0,4
W05691PAPP0,W05249QAPP0,83
W05691PAPP0,W05250PAPP0,1
W05691PAPP0,W05250PAPP0,1
W05691PAPP0,W05250PAPP0,13
W05691PAPP0,W05250PAPP0,14
W05691PAPP0,W05250PAPP0,1
W05691PAPP0,W05250PAPP0,47
W05691PAPP0,W05250PAPP0,1
W05691PAPP0,W05251PAPP0,1
W05691PAPP0,W05251PAPP0,14
W05691PAPP0,W05251PAPP0,6
W05691PAPP0,W05251PAPP0,2
W05691PAPP0,W05251PAPP0,47
W05691PAPP0,W05251PAPP0,1
W05691PAPP0,W05262PAPP0,15
W05691PAPP0,W05262PAPP0,8
W05691PAPP0,W05262PAPP0,2
W05691PAPP0,W05262PAPP0,42
W05691PAPP0,W05263PAPP0,10
W05691PAPP0,W05263PAPP0,14
W05691PAPP0,W05263PAPP0,1
W05691PAPP0,W05263PAPP0,43
W05691PAPP0,W05263PAPP0,2
W05691PAPP0,W05359PCXW0,1
W05691PAPP0,W05359PCXW0,2
W05691PAPP0,W05359PCXW0,11
W05691PAPP0,W05359PCXW0,13
W05691PAPP0,W05359PCXW0,4
W05691PAPP0,W05359PCXW0,41
W05691PAPP0,W05359PCXW0,6
W05691PAPP0,W05360PCXW0,2
W05691PAPP0,W05360PCXW0,10
W05691PAPP0,W05360PCXW0,15
W05691PAPP0,W05360PCXW0,2
W05691PAPP0,W05360PCXW0,39
W05691PAPP0,W05360PCXW0,1
W05691PAPP0,W05416PPSC0,2
W05691PAPP0,W05416PPSC0,11
W05691PAPP0,W05416PPSC0,8
W05691PAPP0,W05416PPSC0,1
W05691PAPP0,W05416PPSC0,42
W05691PAPP0,W05416PPSC0,2
W05691PAPP0,W05427PCXW0,1
W05691PAPP0,W05427PCXW0,2
W05691PAPP0,W05427PCXW0,14
W05691PAPP0,W05427PCXW0,2
W05691PAPP0,W05427PCXW0,4
W05691PAPP0,W05427PCXW0,44
W05691PAPP0,W05427PCXW0,1
W05691PAPP0,W05461DAPP0,12
W05691PAPP0,W05461DAPP0,13
W05691PAPP0,W05461DAPP0,12
W05691PAPP0,W05461DAPP0,41
W05691PAPP0,W05461DAPP0,3
W05691PAPP0,W05462DSQL0,5
W05691PAPP0,W05462DSQL0,6
W05691PAPP0,W05462DSQL0,2
W05691PAPP0,W05462DSQL0,4
W05691PAPP0,W05462DSQL0,12
W05691PAPP0,W05580QAPP0,1
W05691PAPP0,W05580QAPP0,16
W05691PAPP0,W05580QAPP0,25
W05691PAPP0,W05580QAPP0,4
W05691PAPP0,W05580QAPP0,82
W05691PAPP0,W05581QSQL0,13
W05691PAPP0,W05581QSQL0,26
W05691PAPP0,W05581QSQL0,1
W05691PAPP0,W05581QSQL0,4
W05691PAPP0,W05581QSQL0,80
W05691PAPP0,W05639QNOD1,2
W05691PAPP0,W05639QNOD1,2
W05691PAPP0,W05639QNOD1,1
W05691PAPP0,W05639QNOD1,2
W05691PAPP0,W05639QNOD1,2
W05691PAPP0,W05639QNOD1,4
W05691PAPP0,W05639QNOD1,18
W05691PAPP0,W05639QNOD1,4
W05691PAPP0,W05639QNOD1,4
W05691PAPP0,W05639QNOD1,4
W05691PAPP0,W05639QNOD1,4
W05691PAPP0,W05639QNOD1,12
W05691PAPP0,W05639QNOD1,4
W05691PAPP0,W05639QNOD1,2
W05691PAPP0,W05639QNOD1,73
W05691PAPP0,W05639QNOD1,2
W05691PAPP0,W05639QNOD1,6
W05691PAPP0,W05639QNOD2,2
W05691PAPP0,W05639QNOD2,12
W05691PAPP0,W05639QNOD2,25
W05691PAPP0,W05639QNOD2,1
W05691PAPP0,W05639QNOD2,4
W05691PAPP0,W05639QNOD2,89
W05691PAPP0,W05640QAPP0,1
W05691PAPP0,W05640QAPP0,15
W05691PAPP0,W05640QAPP0,25
W05691PAPP0,W05640QAPP0,2
W05691PAPP0,W05640QAPP0,4
W05691PAPP0,W05640QAPP0,85
W05691PAPP0,W05641QAPP0,1
W05691PAPP0,W05641QAPP0,16
W05691PAPP0,W05641QAPP0,25
W05691PAPP0,W05641QAPP0,4
W05691PAPP0,W05641QAPP0,85
W05691PAPP0,W05684PAPP0,13
W05691PAPP0,W05684PAPP0,6
W05691PAPP0,W05684PAPP0,2
W05691PAPP0,W05684PAPP0,41
W05691PAPP0,W05684PAPP0,1
W05691PAPP0,W05685PAPP0,3
W05691PAPP0,W05685PAPP0,14
W05691PAPP0,W05685PAPP0,8
W05691PAPP0,W05685PAPP0,41
W05691PAPP0,W05685PAPP0,1
W05691PAPP0,W05686PNOD1,4
W05691PAPP0,W05686PNOD1,1
W05691PAPP0,W05686PNOD1,11
W05691PAPP0,W05686PNOD1,12
W05691PAPP0,W05686PNOD1,4
W05691PAPP0,W05686PNOD1,4
W05691PAPP0,W05686PNOD1,4
W05691PAPP0,W05686PNOD1,43
W05691PAPP0,W05686PNOD1,3
W05691PAPP0,W05686PNOD1,2
W05691PAPP0,W05686PNOD1,2
W05691PAPP0,W05686PNOD1,2
W05691PAPP0,W05686PNOD2,2
W05691PAPP0,W05686PNOD2,3
W05691PAPP0,W05686PNOD2,11
W05691PAPP0,W05686PNOD2,8
W05691PAPP0,W05686PNOD2,1
W05691PAPP0,W05686PNOD2,46
W05691PAPP0,W05686PNOD2,2
W05691PAPP0,W05730DAPP0,1
W05691PAPP0,W05730DAPP0,1
W05691PAPP0,W05730DAPP0,10
W05691PAPP0,W05730DAPP0,11
W05691PAPP0,W05730DAPP0,2
W05691PAPP0,W05730DAPP0,17
W05691PAPP0,W05730DAPP0,8
W05691PAPP0,W05730DAPP0,46
W05691PAPP0,W05730DAPP0,2
W05691PAPP0,W05731DSQL0,1
W05691PAPP0,W05731DSQL0,1
W05691PAPP0,W05731DSQL0,10
W05691PAPP0,W05731DSQL0,8
W05691PAPP0,W05731DSQL0,4
W05691PAPP0,W05731DSQL0,43
W05691PAPP0,W05731DSQL0,2
W05691PAPP0,W05780QAPP0,4
W05691PAPP0,W05780QAPP0,2
W05691PAPP0,W05780QAPP0,18
W05691PAPP0,W05780QAPP0,21
W05691PAPP0,W05780QAPP0,4
W05691PAPP0,W05780QAPP0,65
W05691PAPP0,W05780QAPP0,6
W05691PAPP0,W05781PAPP0,1
W05691PAPP0,W05781PAPP0,1
W05691PAPP0,W05781PAPP0,4
W05691PAPP0,W05781PAPP0,2
W05691PAPP0,W05781PAPP0,5
W05691PAPP0,W05781PAPP0,4
W05691PAPP0,W05782PAPP0,1
W05691PAPP0,W05782PAPP0,2
W05691PAPP0,W05782PAPP0,3
W05691PAPP0,W05782PAPP0,5
W05691PAPP0,W05782PAPP0,2
W05691PAPP0,W05782PAPP0,6
W05691PAPP0,W05782PAPP0,3
W05691PAPP0,W05815QAPP0,12
W05691PAPP0,W05815QAPP0,27
W05691PAPP0,W05815QAPP0,4
W05691PAPP0,W05815QAPP0,78
W05691PAPP0,W05816QSQL0,17
W05691PAPP0,W05816QSQL0,27
W05691PAPP0,W05816QSQL0,2
W05691PAPP0,W05816QSQL0,79
W05691PAPP0,W05859QAPP0,3
W05691PAPP0,W05871PAPP0,1
W05691PAPP0,W05871PAPP0,10
W05691PAPP0,W05871PAPP0,14
W05691PAPP0,W05871PAPP0,1
W05691PAPP0,W05871PAPP0,47
W05691PAPP0,W05871PAPP0,1
W05691PAPP0,W05888QAPP0,1
W05691PAPP0,W05888QAPP0,2
W05691PAPP0,W05888QAPP0,22
W05691PAPP0,W05888QAPP0,25
W05691PAPP0,W05888QAPP0,4
W05691PAPP0,W05888QAPP0,78
W05691PAPP0,W05889QAPP0,1
W05691PAPP0,W05889QAPP0,2
W05691PAPP0,W05889QAPP0,16
W05691PAPP0,W05889QAPP0,25
W05691PAPP0,W05889QAPP0,1
W05691PAPP0,W05889QAPP0,4
W05691PAPP0,W05889QAPP0,78
W05691PAPP0,W05892QAPP0,15
W05691PAPP0,W05892QAPP0,26
W05691PAPP0,W05892QAPP0,77
W05691PAPP0,W05895PSQL0,3
W05691PAPP0,W05895PSQL0,11
W05691PAPP0,W05895PSQL0,8
W05691PAPP0,W05895PSQL0,3
W05691PAPP0,W05895PSQL0,43
W05691PAPP0,W05895PSQL0,1
W05691PAPP0,W05911PCXW0,2
W05691PAPP0,W05911PCXW0,16
W05691PAPP0,W05911PCXW0,1
W05691PAPP0,W05911PCXW0,51
W05691PAPP0,W05911PCXW0,1
W05691PAPP0,W05912PCXW0,2
W05691PAPP0,W05912PCXW0,16
W05691PAPP0,W05912PCXW0,17
W05691PAPP0,W05912PCXW0,1
W05691PAPP0,W05912PCXW0,53
W05691PAPP0,W05912PCXW0,1
W05691PAPP0,W05917DSQL0,1
W05691PAPP0,W05917DSQL0,11
W05691PAPP0,W05917DSQL0,13
W05691PAPP0,W05917DSQL0,4
W05691PAPP0,W05917DSQL0,44
W05691PAPP0,W05917DSQL0,2
W05691PAPP0,W05934QAPP0,22
W05691PAPP0,W05934QAPP0,29
W05691PAPP0,W05934QAPP0,4
W05691PAPP0,W05934QAPP0,4
W05691PAPP0,W05934QAPP0,86
W05691PAPP0,W05934QAPP0,7
W05691PAPP0,W05935PAPP0,2
W05691PAPP0,W05935PAPP0,11
W05691PAPP0,W05935PAPP0,7
W05691PAPP0,W05935PAPP0,41
W05691PAPP0,W05935PAPP0,1
W05691PAPP0,W05986PAPP0,2
W05691PAPP0,W05986PAPP0,15
W05691PAPP0,W05986PAPP0,17
W05691PAPP0,W05986PAPP0,1
W05691PAPP0,W05986PAPP0,53
W05691PAPP0,W05986PAPP0,2
W05691PAPP0,W06064QAPP0,11
W05691PAPP0,W06064QAPP0,8
W05691PAPP0,W06064QAPP0,1
W05691PAPP0,W06064QAPP0,1
W05691PAPP0,W06064QAPP0,49
W05691PAPP0,W06064QAPP0,4
W05691PAPP0,W06065QAPP0,11
W05691PAPP0,W06065QAPP0,26
W05691PAPP0,W06065QAPP0,2
W05691PAPP0,W06065QAPP0,2
W05691PAPP0,W06065QAPP0,78
W05691PAPP0,W06065QAPP0,10
W05691PAPP0,W06178PFLE0,1
W05691PAPP0,W06178PFLE0,15
W05691PAPP0,W06178PFLE0,8
W05691PAPP0,W06178PFLE0,1
W05691PAPP0,W06178PFLE0,43
W05691PAPP0,W06178PFLE0,2
W05691PAPP0,W06254QAPP0,1
W05691PAPP0,W06254QAPP0,12
W05691PAPP0,W06254QAPP0,25
W05691PAPP0,W06254QAPP0,78
W05691PAPP0,W06255QSQL0,1
W05691PAPP0,W06255QSQL0,15
W05691PAPP0,W06255QSQL0,25
W05691PAPP0,W06255QSQL0,2
W05691PAPP0,W06255QSQL0,81
W05691PAPP0,W06297QNOD1,2
W05691PAPP0,W06297QNOD1,19
W05691PAPP0,W06297QNOD1,24
W05691PAPP0,W06297QNOD1,1
W05691PAPP0,W06297QNOD1,78
W05691PAPP0,W06297QNOD2,2
W05691PAPP0,W06297QNOD2,2
W05691PAPP0,W06297QNOD2,4
W05691PAPP0,W06297QNOD2,8
W05691PAPP0,W06297QNOD2,18
W05691PAPP0,W06297QNOD2,20
W05691PAPP0,W06297QNOD2,4
W05691PAPP0,W06297QNOD2,2
W05691PAPP0,W06297QNOD2,5
W05691PAPP0,W06297QNOD2,77
W05691PAPP0,W06297QNOD2,4
W05691PAPP0,W06307PSQL0,1
W05691PAPP0,W06307PSQL0,1
W05691PAPP0,W06307PSQL0,12
W05691PAPP0,W06307PSQL0,8
W05691PAPP0,W06307PSQL0,1
W05691PAPP0,W06307PSQL0,4
W05691PAPP0,W06307PSQL0,42
W05691PAPP0,W06307PSQL0,3
W05691PAPP0,W06353PCXW0,19
W05691PAPP0,W06353PCXW0,9
W05691PAPP0,W06353PCXW0,54
W05691PAPP0,W06423QSQL0,11
W05691PAPP0,W06423QSQL0,12
W05691PAPP0,W06423QSQL0,1
W05691PAPP0,W06423QSQL0,47
W05691PAPP0,W06423QSQL0,1
W05691PAPP0,W06445PNCE0,1
W05691PAPP0,W06445PNCE0,10
W05691PAPP0,W06445PNCE0,9
W05691PAPP0,W06445PNCE0,2
W05691PAPP0,W06445PNCE0,42
W05691PAPP0,W06445PNCE0,2
W05691PAPP0,W06448PSQL0,1
W05691PAPP0,W06448PSQL0,10
W05691PAPP0,W06448PSQL0,9
W05691PAPP0,W06448PSQL0,2
W05691PAPP0,W06448PSQL0,42
W05691PAPP0,W06448PSQL0,2
W05691PAPP0,W06449PNCE0,1
W05691PAPP0,W06449PNCE0,10
W05691PAPP0,W06449PNCE0,14
W05691PAPP0,W06449PNCE0,2
W05691PAPP0,W06449PNCE0,42
W05691PAPP0,W06449PNCE0,2
W05691PAPP0,W06450PNCE0,1
W05691PAPP0,W06450PNCE0,11
W05691PAPP0,W06450PNCE0,7
W05691PAPP0,W06450PNCE0,1
W05691PAPP0,W06450PNCE0,43
W05691PAPP0,W06450PNCE0,4
W05691PAPP0,W06451PNCE0,10
W05691PAPP0,W06451PNCE0,9
W05691PAPP0,W06451PNCE0,40
W05691PAPP0,W06532PAPP0,14
W05691PAPP0,W06532PAPP0,17
W05691PAPP0,W06532PAPP0,43
W05691PAPP0,W06545PNOD1,1
W05691PAPP0,W06545PNOD1,4
W05691PAPP0,W06545PNOD1,2
W05691PAPP0,W06545PNOD1,1
W05691PAPP0,W06545PNOD1,2
W05691PAPP0,W06545PNOD1,11
W05691PAPP0,W06545PNOD1,31
W05691PAPP0,W06545PNOD1,4
W05691PAPP0,W06545PNOD1,4
W05691PAPP0,W06545PNOD1,4
W05691PAPP0,W06545PNOD1,4
W05691PAPP0,W06545PNOD1,1
W05691PAPP0,W06545PNOD1,4
W05691PAPP0,W06545PNOD1,4
W05691PAPP0,W06545PNOD1,8
W05691PAPP0,W06545PNOD1,2
W05691PAPP0,W06545PNOD1,51
W05691PAPP0,W06545PNOD1,5
W05691PAPP0,W06545PNOD1,2
W05691PAPP0,W06545PNOD1,2
W05691PAPP0,W06545PNOD2,2
W05691PAPP0,W06545PNOD2,1
W05691PAPP0,W06545PNOD2,10
W05691PAPP0,W06545PNOD2,6
W05691PAPP0,W06545PNOD2,4
W05691PAPP0,W06545PNOD2,4
W05691PAPP0,W06545PNOD2,1
W05691PAPP0,W06545PNOD2,50
W05691PAPP0,W06545PNOD2,6
W05691PAPP0,W06559PAPP0,1
W05691PAPP0,W06559PAPP0,1
W05691PAPP0,W06559PAPP0,17
W05691PAPP0,W06559PAPP0,8
W05691PAPP0,W06559PAPP0,1
W05691PAPP0,W06559PAPP0,4
W05691PAPP0,W06559PAPP0,48
W05691PAPP0,W06559PAPP0,1
W05691PAPP0,W06625QAPP0,16
W05691PAPP0,W06625QAPP0,29
W05691PAPP0,W06625QAPP0,83
W05691PAPP0,W06626QAPP0,30
W05691PAPP0,W06626QAPP0,7
W05691PAPP0,W06626QAPP0,4
W05691PAPP0,W06626QAPP0,79
W05691PAPP0,W06627QNOD1,5
W05691PAPP0,W06627QNOD1,11
W05691PAPP0,W06627QNOD1,20
W05691PAPP0,W06627QNOD1,57
W05691PAPP0,W06627QNOD2,5
W05691PAPP0,W06627QNOD2,2
W05691PAPP0,W06627QNOD2,4
W05691PAPP0,W06627QNOD2,12
W05691PAPP0,W06627QNOD2,8
W05691PAPP0,W06627QNOD2,4
W05691PAPP0,W06627QNOD2,12
W05691PAPP0,W06627QNOD2,1
W05691PAPP0,W06627QNOD2,46
W05691PAPP0,W06627QNOD2,4
W05691PAPP0,W06627QNOD2,3
W05691PAPP0,W06627QNOD2,6
W05691PAPP0,W06682EAPP0,15
W05691PAPP0,W06682EAPP0,20
W05691PAPP0,W06682EAPP0,56
W05691PAPP0,W06761PSQL0,1
W05691PAPP0,W06761PSQL0,14
W05691PAPP0,W06761PSQL0,16
W05691PAPP0,W06761PSQL0,2
W05691PAPP0,W06761PSQL0,45
W05691PAPP0,W06761PSQL0,3
W05691PAPP0,W06779QAPP0,5
W05691PAPP0,W06779QAPP0,13
W05691PAPP0,W06779QAPP0,27
W05691PAPP0,W06779QAPP0,4
W05691PAPP0,W06779QAPP0,75
W05691PAPP0,W06779QAPP0,8
W05691PAPP0,W06791PAPP0,19
W05691PAPP0,W06791PAPP0,2
W05691PAPP0,W06791PAPP0,388
W05691PAPP0,W06791PAPP0,56
W05691PAPP0,W06793QAPP0,18
W05691PAPP0,W06793QAPP0,27
W05691PAPP0,W06793QAPP0,79
W05691PAPP0,W06793QAPP0,10
W05691PAPP0,Wordpress-Test,2
W05691PAPP0,Wordpress-Test,2
W05691PAPP0,WP-BTGChile-L2023,4
W05691PAPP0,WP-BTGChile-L2023_0000000003,4
W05691PAPP0,WP-BTGChile-L2023_0000000004,4
W05691PAPP0,WP-BTGChile-L2023_0000000005,4
W05731DSQL0,W05691PAPP0,1
W05780QAPP0,NSCL169PFAP,1
W05780QAPP0,W00707PFLE0,3
W05780QAPP0,W00928PFLE0,3
W05780QAPP0,W05691PAPP0,1
W05780QAPP0,W06178PFLE0,3
W05781PAPP0,L05528PNOD1,1
W05781PAPP0,L05528PNOD1,2
W05781PAPP0,L05528PNOD1,28
W05781PAPP0,L05528PNOD1,1
W05781PAPP0,L05528PNOD1,1
W05781PAPP0,L05528PNOD1,2
W05781PAPP0,L05528PNOD1,54
W05781PAPP0,L05528PNOD1,262
W05781PAPP0,L05528PNOD1,4
W05781PAPP0,L05528PNOD1,152
W05781PAPP0,L05528PNOD1,114
W05781PAPP0,L05528PNOD2,1
W05781PAPP0,L05528PNOD2,2
W05781PAPP0,L05528PNOD2,81
W05781PAPP0,L05528PNOD2,2
W05781PAPP0,L05528PNOD2,3
W05781PAPP0,L05528PNOD2,143
W05781PAPP0,L05528PNOD2,4
W05781PAPP0,L05528PNOD2,4
W05781PAPP0,W03869PNOD2,1
W05781PAPP0,W03869PNOD2,6
W05781PAPP0,W03869PNOD2,15
W05781PAPP0,W03869PNOD2,5
W05781PAPP0,W03869PNOD2,6
W05781PAPP0,W06559PAPP0,2
W05781PAPP0,W06559PAPP0,6
W05781PAPP0,W06559PAPP0,2
W05782PAPP0,L05528PNOD1,1
W05782PAPP0,L05528PNOD1,2
W05782PAPP0,L05528PNOD1,2
W05782PAPP0,L05528PNOD1,99
W05782PAPP0,L05528PNOD1,2
W05782PAPP0,L05528PNOD1,1
W05782PAPP0,L05528PNOD1,1
W05782PAPP0,L05528PNOD1,3
W05782PAPP0,L05528PNOD1,162
W05782PAPP0,L05528PNOD1,16
W05782PAPP0,L05528PNOD1,258
W05782PAPP0,L05528PNOD1,6
W05782PAPP0,L05528PNOD1,152
W05782PAPP0,L05528PNOD2,2
W05782PAPP0,L05528PNOD2,2
W05782PAPP0,L05528PNOD2,70
W05782PAPP0,L05528PNOD2,1
W05782PAPP0,L05528PNOD2,1
W05782PAPP0,L05528PNOD2,111
W05782PAPP0,L05528PNOD2,10
W05782PAPP0,L05528PNOD2,4
W05782PAPP0,W03869PNOD2,3
W05782PAPP0,W03869PNOD2,1
W05782PAPP0,W03869PNOD2,4
W05782PAPP0,W03869PNOD2,1
W05782PAPP0,W03869PNOD2,2
W05782PAPP0,W06559PAPP0,2
W05782PAPP0,W06559PAPP0,3
W05782PAPP0,W06559PAPP0,2
W05782PAPP0,W06559PAPP0,1
W05782PAPP0,W06791PAPP0,373
W05815QAPP0,W05691PAPP0,1
W05815QAPP0,W05691PAPP0,2
W05815QAPP0,W05691PAPP0,9
W05816QSQL0,W05691PAPP0,2
W05816QSQL0,W05691PAPP0,6
W05859QAPP0,W05416PPSC0,2
W05859QAPP0,W05416PPSC0,1
W05859QAPP0,W05416PPSC0,1
W05871PAPP0,L05528PNOD1,1
W05871PAPP0,L05528PNOD1,38
W05871PAPP0,L05528PNOD1,3
W05871PAPP0,L05528PNOD1,5
W05871PAPP0,L05528PNOD1,1
W05871PAPP0,L05528PNOD1,1
W05871PAPP0,L05528PNOD1,2
W05871PAPP0,L05528PNOD1,3
W05871PAPP0,L05528PNOD1,3
W05871PAPP0,L05528PNOD1,66
W05871PAPP0,L05528PNOD2,42
W05871PAPP0,L05528PNOD2,1
W05871PAPP0,L05528PNOD2,11
W05871PAPP0,L05528PNOD2,1
W05871PAPP0,L05528PNOD2,1
W05871PAPP0,L05528PNOD2,2
W05871PAPP0,L05528PNOD2,66
W05871PAPP0,W03900PMBX0,1
W05871PAPP0,W03900PMBX0,1
W05871PAPP0,W03900PMBX0,2
W05871PAPP0,W06791PAPP0,371
W05888QAPP0,W05691PAPP0,1
W05888QAPP0,W05691PAPP0,9
W05889QAPP0,L04011PAPP0,3
W05889QAPP0,W05691PAPP0,8
W05892QAPP0,W05691PAPP0,2
W05892QAPP0,W05691PAPP0,1
W05892QAPP0,W05691PAPP0,9
W05895PSQL0,L05528PNOD1,8
W05895PSQL0,L05528PNOD1,88
W05895PSQL0,L05528PNOD1,56
W05895PSQL0,L05528PNOD1,1
W05895PSQL0,L05528PNOD1,2
W05895PSQL0,L05528PNOD1,1
W05895PSQL0,L05528PNOD1,1
W05895PSQL0,L05528PNOD1,1
W05895PSQL0,L05528PNOD2,1
W05895PSQL0,L05528PNOD2,66
W05895PSQL0,L05528PNOD2,57
W05895PSQL0,L05528PNOD2,1
W05895PSQL0,L05528PNOD2,9
W05895PSQL0,L05528PNOD2,2
W05895PSQL0,L05528PNOD2,1
W05911PCXW0,VDI-CL-TI-0024,2
W05911PCXW0,VDI-CL-TI-0024,1
W05911PCXW0,VDI-CL-TI-0024,1
W05911PCXW0,W05912PCXW0,325
W05911PCXW0,W05912PCXW0,313
W05911PCXW0,W05912PCXW0,18
W05911PCXW0,W06353PCXW0,14
W05911PCXW0,W06353PCXW0,10
W05911PCXW0,W06353PCXW0,11
W05912PCXW0,VDI-CL-TI-0024,1
W05912PCXW0,VDI-CL-TI-0024,1
W05912PCXW0,VDI-CL-TI-0062,1
W05912PCXW0,W05911PCXW0,200
W05912PCXW0,W05911PCXW0,200
W05912PCXW0,W05911PCXW0,2
W05912PCXW0,W06353PCXW0,1
W05912PCXW0,W06353PCXW0,3
W05912PCXW0,W06353PCXW0,1
W05917DSQL0,W05416PPSC0,1
W05917DSQL0,W05416PPSC0,1
W05917DSQL0,W05416PPSC0,2
W05917DSQL0,W05691PAPP0,2
W05934QAPP0,NSCL169PFAP,1
W05934QAPP0,W00928PFLE0,2
W05934QAPP0,W05691PAPP0,4
W05934QAPP0,W06178PFLE0,2
W06064QAPP0,NSCL169PFAP,1
W06064QAPP0,W00707PFLE0,1
W06064QAPP0,W00928PFLE0,1
W06064QAPP0,W05691PAPP0,2
W06064QAPP0,W06178PFLE0,2
W06065QAPP0,NSCL169PFAP,2
W06065QAPP0,W00707PFLE0,1
W06065QAPP0,W00928PFLE0,1
W06065QAPP0,W05691PAPP0,5
W06065QAPP0,W06178PFLE0,2
W06178PFLE0,NSCL169PFAP,2
W06178PFLE0,NSCL169PFAP,4
W06254QAPP0,W05691PAPP0,2
W06254QAPP0,W05691PAPP0,1
W06254QAPP0,W05691PAPP0,11
W06255QSQL0,W05691PAPP0,1
W06255QSQL0,W05691PAPP0,11
W06297QNOD1,W05691PAPP0,5
W06297QNOD1,W05691PAPP0,8
W06297QNOD2,W05691PAPP0,5
W06297QNOD2,W05691PAPP0,4
W06297QNOD2,W05691PAPP0,8
W06307PSQL0,W05049PBKP0,1
W06307PSQL0,W05049PBKP0,1
W06307PSQL0,W05049PBKP0,230
W06307PSQL0,W05049PBKP0,35
W06353PCXW0,NSCL169PFAP,1
W06353PCXW0,W00707PFLE0,10
W06353PCXW0,W00707PFLE0,9
W06353PCXW0,W02962PAPP0,5
W06353PCXW0,W02962PAPP0,9
W06353PCXW0,W02962PAPP0,6
W06353PCXW0,W02962PAPP0,9
W06353PCXW0,W02962PAPP0,10
W06353PCXW0,W02962PAPP0,10
W06353PCXW0,W02962PAPP0,1
W06353PCXW0,W02962PAPP0,1
W06353PCXW0,W03158PAPP0,2
W06353PCXW0,W03158PAPP0,2
W06353PCXW0,W03158PAPP0,2
W06353PCXW0,W03158PAPP0,4
W06353PCXW0,W05262PAPP0,6
W06353PCXW0,W05262PAPP0,5
W06353PCXW0,W05262PAPP0,4
W06353PCXW0,W05263PAPP0,3
W06353PCXW0,W05263PAPP0,4
W06353PCXW0,W05263PAPP0,5
W06353PCXW0,W05691PAPP0,2
W06353PCXW0,W05691PAPP0,2
W06353PCXW0,W05691PAPP0,1
W06353PCXW0,W05911PCXW0,94
W06353PCXW0,W05911PCXW0,111
W06353PCXW0,W05911PCXW0,130
W06353PCXW0,W05912PCXW0,30
W06353PCXW0,W05912PCXW0,29
W06353PCXW0,W05912PCXW0,31
W06353PCXW0,W06791PAPP0,440
W06423QSQL0,W05416PPSC0,1
W06423QSQL0,W05691PAPP0,2
W06445PNCE0,W06448PSQL0,651
W06445PNCE0,W06448PSQL0,646
W06445PNCE0,W06448PSQL0,3
W06445PNCE0,W06449PNCE0,2
W06445PNCE0,W06449PNCE0,1839
W06445PNCE0,W06449PNCE0,280
W06445PNCE0,W06449PNCE0,441
W06445PNCE0,W06449PNCE0,263
W06448PSQL0,W05011PAPP0,1
W06448PSQL0,W06449PNCE0,4
W06448PSQL0,W06451PNCE0,9
W06448PSQL0,W06451PNCE0,9
W06448PSQL0,W06451PNCE0,4
W06448PSQL0,W06451PNCE0,11
W06448PSQL0,W06451PNCE0,14
W06448PSQL0,W06451PNCE0,10
W06448PSQL0,W06451PNCE0,13
W06448PSQL0,W06451PNCE0,9
W06449PNCE0,W06445PNCE0,181
W06449PNCE0,W06445PNCE0,381
W06449PNCE0,W06445PNCE0,172
W06449PNCE0,W06445PNCE0,178
W06449PNCE0,W06445PNCE0,177
W06449PNCE0,W06445PNCE0,350
W06449PNCE0,W06445PNCE0,908
W06449PNCE0,W06445PNCE0,200
W06449PNCE0,W06445PNCE0,600
W06449PNCE0,W06445PNCE0,588
W06449PNCE0,W06445PNCE0,180
W06449PNCE0,W06445PNCE0,181
W06449PNCE0,W06445PNCE0,177
W06449PNCE0,W06445PNCE0,208
W06449PNCE0,W06445PNCE0,774
W06449PNCE0,W06445PNCE0,2
W06449PNCE0,W06445PNCE0,1
W06449PNCE0,W06445PNCE0,800
W06449PNCE0,W06445PNCE0,832
W06449PNCE0,W06445PNCE0,1972
W06449PNCE0,W06445PNCE0,2
W06449PNCE0,W06445PNCE0,2
W06449PNCE0,W06445PNCE0,5340
W06449PNCE0,W06448PSQL0,6
W06449PNCE0,W06448PSQL0,400
W06449PNCE0,W06448PSQL0,601
W06449PNCE0,W06448PSQL0,1600
W06449PNCE0,W06448PSQL0,277
W06449PNCE0,W06448PSQL0,204
W06449PNCE0,W06448PSQL0,4
W06449PNCE0,W06448PSQL0,200
W06449PNCE0,W06448PSQL0,200
W06449PNCE0,W06448PSQL0,1134
W06449PNCE0,W06448PSQL0,3
W06449PNCE0,W06448PSQL0,1
W06449PNCE0,W06448PSQL0,25
W06449PNCE0,W06448PSQL0,269
W06449PNCE0,W06448PSQL0,280
W06449PNCE0,W06448PSQL0,3099
W06449PNCE0,W06448PSQL0,1425
W06449PNCE0,W06448PSQL0,2
W06449PNCE0,W06448PSQL0,12
W06449PNCE0,W06448PSQL0,200
W06449PNCE0,W06448PSQL0,200
W06449PNCE0,W06448PSQL0,10377
W06449PNCE0,W06448PSQL0,2
W06449PNCE0,W06448PSQL0,2
W06449PNCE0,W06448PSQL0,800
W06449PNCE0,W06448PSQL0,828
W06449PNCE0,W06448PSQL0,840
W06449PNCE0,W06448PSQL0,2
W06449PNCE0,W06450PNCE0,150
W06449PNCE0,W06450PNCE0,329
W06449PNCE0,W06450PNCE0,148
W06449PNCE0,W06450PNCE0,151
W06449PNCE0,W06450PNCE0,162
W06449PNCE0,W06450PNCE0,285
W06449PNCE0,W06450PNCE0,896
W06449PNCE0,W06450PNCE0,200
W06449PNCE0,W06450PNCE0,400
W06449PNCE0,W06450PNCE0,511
W06449PNCE0,W06450PNCE0,149
W06449PNCE0,W06450PNCE0,151
W06449PNCE0,W06450PNCE0,151
W06449PNCE0,W06450PNCE0,179
W06449PNCE0,W06450PNCE0,1382
W06449PNCE0,W06450PNCE0,763
W06449PNCE0,W06450PNCE0,2
W06449PNCE0,W06450PNCE0,1
W06449PNCE0,W06450PNCE0,716
W06449PNCE0,W06450PNCE0,800
W06449PNCE0,W06450PNCE0,1761
W06449PNCE0,W06450PNCE0,2
W06449PNCE0,W06450PNCE0,2
W06449PNCE0,W06450PNCE0,4635
W06449PNCE0,W06451PNCE0,2
W06449PNCE0,W06451PNCE0,132
W06449PNCE0,W06451PNCE0,142
W06449PNCE0,W06451PNCE0,1
W06449PNCE0,W06451PNCE0,2
W06449PNCE0,W06451PNCE0,2
W06449PNCE0,W06451PNCE0,648
W06449PNCE0,W06451PNCE0,800
W06449PNCE0,W06451PNCE0,361
W06449PNCE0,W06451PNCE0,3
W06449PNCE0,W06451PNCE0,2
W06449PNCE0,W06451PNCE0,852
W06450PNCE0,W06448PSQL0,454
W06450PNCE0,W06448PSQL0,585
W06450PNCE0,W06448PSQL0,99
W06450PNCE0,W06449PNCE0,2
W06450PNCE0,W06449PNCE0,211
W06450PNCE0,W06449PNCE0,271
W06450PNCE0,W06449PNCE0,264
W06451PNCE0,W03900PMBX0,1
W06451PNCE0,W03900PMBX0,1
W06451PNCE0,W05691PAPP0,1
W06451PNCE0,W05691PAPP0,3
W06451PNCE0,W06448PSQL0,5
W06451PNCE0,W06448PSQL0,356
W06451PNCE0,W06448PSQL0,1
W06451PNCE0,W06448PSQL0,163
W06451PNCE0,W06448PSQL0,576
W06451PNCE0,W06448PSQL0,2
W06451PNCE0,W06448PSQL0,8
W06451PNCE0,W06448PSQL0,68
W06451PNCE0,W06449PNCE0,9
W06451PNCE0,W06449PNCE0,4
W06451PNCE0,W06791PAPP0,329
W06532PAPP0,W03900PMBX0,1
W06532PAPP0,W03900PMBX0,1
W06532PAPP0,W03900PMBX0,1
W06532PAPP0,W05691PAPP0,1
W06532PAPP0,W05691PAPP0,3
W06532PAPP0,W05691PAPP0,1
W06532PAPP0,W06791PAPP0,458
W06545PNOD1,W06545PNOD1,17
W06545PNOD1,W06545PNOD1,22
W06545PNOD1,W06545PNOD1,4
W06545PNOD1,W06545PNOD1,20
W06545PNOD1,W06545PNOD1,25650
W06545PNOD1,W06545PNOD1,10
W06545PNOD1,W06545PNOD1,25650
W06545PNOD1,W06545PNOD1,342
W06545PNOD1,W06545PNOD1,1
W06545PNOD1,W06545PNOD1,1
W06545PNOD1,W06545PNOD1,1
W06545PNOD1,W06545PNOD1,383
W06545PNOD1,W06545PNOD1,1
W06545PNOD1,W06545PNOD1,1
W06545PNOD1,W06545PNOD1,1
W06545PNOD1,W06545PNOD1,8
W06545PNOD1,W06545PNOD1,8
W06545PNOD1,W06545PNOD1,278
W06545PNOD1,W06545PNOD2,2
W06545PNOD1,W06545PNOD2,12
W06545PNOD1,W06791PAPP0,220
W06545PNOD1,W06791PAPP0,650
W06559PAPP0,NSCL169PFAP,2
W06559PAPP0,NSCL169PFAP,6
W06559PAPP0,W00707PFLE0,2
W06559PAPP0,W00707PFLE0,3
W06559PAPP0,W06791PAPP0,230
W06625QAPP0,W05691PAPP0,3
W06625QAPP0,W05691PAPP0,3
W06625QAPP0,W05691PAPP0,7
W06626QAPP0,W05691PAPP0,4
W06626QAPP0,W05691PAPP0,2
W06626QAPP0,W05691PAPP0,7
W06627QNOD1,W05691PAPP0,3
W06627QNOD1,W05691PAPP0,2
W06627QNOD1,W05691PAPP0,3
W06627QNOD2,W05691PAPP0,2
W06627QNOD2,W05691PAPP0,1
W06627QNOD2,W05691PAPP0,6
W06627QNOD2,W05691PAPP0,2
W06682EAPP0,W05691PAPP0,1
W06682EAPP0,W05691PAPP0,2
W06682EAPP0,W05691PAPP0,2
W06682EAPP0,W06791PAPP0,383
W06761PSQL0,W06791PAPP0,409
W06791PAPP0,BTG,190
W06791PAPP0,BTG,71
W06791PAPP0,BTG,75
W06791PAPP0,L02427PAPP0,48
W06791PAPP0,L02427PAPP0,130
W06791PAPP0,L02427PAPP0,72
W06791PAPP0,L02427PAPP0,71
W06791PAPP0,L02633PAPP0,192
W06791PAPP0,L02633PAPP0,200
W06791PAPP0,L02633PAPP0,80
W06791PAPP0,L02633PAPP0,60
W06791PAPP0,L02694PAPP0,124
W06791PAPP0,L02694PAPP0,204
W06791PAPP0,L02694PAPP0,76
W06791PAPP0,L02694PAPP0,70
W06791PAPP0,L02701PAPP0,91
W06791PAPP0,L02701PAPP0,171
W06791PAPP0,L02701PAPP0,74
W06791PAPP0,L02701PAPP0,74
W06791PAPP0,L03021PAPP0,39
W06791PAPP0,L03021PAPP0,130
W06791PAPP0,L03021PAPP0,80
W06791PAPP0,L03021PAPP0,68
W06791PAPP0,L03074PAPP0,70
W06791PAPP0,L03074PAPP0,80
W06791PAPP0,L03075PAPP0,77
W06791PAPP0,L03075PAPP0,71
W06791PAPP0,L03087PAPP0,173
W06791PAPP0,L03087PAPP0,202
W06791PAPP0,L03087PAPP0,64
W06791PAPP0,L03087PAPP0,66
W06791PAPP0,L03087PAPP0,1
W06791PAPP0,L03331PAPP01,75
W06791PAPP0,L03331PAPP01,173
W06791PAPP0,L03331PAPP01,81
W06791PAPP0,L03331PAPP01,68
W06791PAPP0,L03455PAPP0,156
W06791PAPP0,L03455PAPP0,155
W06791PAPP0,L03455PAPP0,68
W06791PAPP0,L03455PAPP0,74
W06791PAPP0,L03456PAPP0,61
W06791PAPP0,L03456PAPP0,197
W06791PAPP0,L03456PAPP0,81
W06791PAPP0,L03456PAPP0,68
W06791PAPP0,L04011PAPP0,197
W06791PAPP0,L04011PAPP0,205
W06791PAPP0,L04011PAPP0,83
W06791PAPP0,L04011PAPP0,58
W06791PAPP0,L04014PAPP0,206
W06791PAPP0,L04014PAPP0,191
W06791PAPP0,L04014PAPP0,76
W06791PAPP0,L04014PAPP0,64
W06791PAPP0,L04067PAPP0,181
W06791PAPP0,L04067PAPP0,203
W06791PAPP0,L04067PAPP0,70
W06791PAPP0,L04067PAPP0,82
W06791PAPP0,L04134PAPP0,201
W06791PAPP0,L04134PAPP0,58
W06791PAPP0,L04134PAPP0,58
W06791PAPP0,L04160PAPP0,201
W06791PAPP0,L04160PAPP0,189
W06791PAPP0,L04160PAPP0,79
W06791PAPP0,L04160PAPP0,94
W06791PAPP0,L05112PAPP0,66
W06791PAPP0,L05112PAPP0,131
W06791PAPP0,L05112PAPP0,89
W06791PAPP0,L05112PAPP0,65
W06791PAPP0,L05113PAPP0,92
W06791PAPP0,L05113PAPP0,185
W06791PAPP0,L05113PAPP0,81
W06791PAPP0,L05113PAPP0,91
W06791PAPP0,L05374PORA0,17
W06791PAPP0,L05374PORA0,153
W06791PAPP0,L05374PORA0,87
W06791PAPP0,L05374PORA0,60
W06791PAPP0,L05463PAPP0,181
W06791PAPP0,L05463PAPP0,186
W06791PAPP0,L05463PAPP0,87
W06791PAPP0,L05463PAPP0,80
W06791PAPP0,L05526PAPP0,143
W06791PAPP0,L05526PAPP0,184
W06791PAPP0,L05526PAPP0,65
W06791PAPP0,L05526PAPP0,95
W06791PAPP0,L05528PNOD1,207
W06791PAPP0,L05528PNOD1,128
W06791PAPP0,L05528PNOD1,73
W06791PAPP0,L05528PNOD1,85
W06791PAPP0,L05528PNOD1,548
W06791PAPP0,L05528PNOD2,56
W06791PAPP0,L05528PNOD2,102
W06791PAPP0,L05528PNOD2,88
W06791PAPP0,L05528PNOD2,76
W06791PAPP0,L05528PNOD2,79
W06791PAPP0,L05820PAPP0,201
W06791PAPP0,L05820PAPP0,77
W06791PAPP0,L05820PAPP0,78
W06791PAPP0,L05827PAPP0,171
W06791PAPP0,L05827PAPP0,81
W06791PAPP0,L05827PAPP0,88
W06791PAPP0,L05918PAPP0,213
W06791PAPP0,L05918PAPP0,51
W06791PAPP0,L05918PAPP0,57
W06791PAPP0,L05984PSQL0,178
W06791PAPP0,L05984PSQL0,193
W06791PAPP0,L05984PSQL0,78
W06791PAPP0,L05984PSQL0,65
W06791PAPP0,L05997PORA0,161
W06791PAPP0,L05997PORA0,191
W06791PAPP0,L05997PORA0,76
W06791PAPP0,L05997PORA0,71
W06791PAPP0,L05998PORA0,199
W06791PAPP0,L05998PORA0,200
W06791PAPP0,L05998PORA0,75
W06791PAPP0,L05998PORA0,60
W06791PAPP0,L06023PAPPO,177
W06791PAPP0,L06023PAPPO,70
W06791PAPP0,L06023PAPPO,79
W06791PAPP0,L06036PAPP0,33
W06791PAPP0,L06036PAPP0,192
W06791PAPP0,L06036PAPP0,70
W06791PAPP0,L06036PAPP0,89
W06791PAPP0,L06100PAPP0,58
W06791PAPP0,L06100PAPP0,111
W06791PAPP0,L06100PAPP0,84
W06791PAPP0,L06100PAPP0,58
W06791PAPP0,L06284PAPP0,201
W06791PAPP0,L06284PAPP0,78
W06791PAPP0,L06284PAPP0,73
W06791PAPP0,L06326PAPP0,158
W06791PAPP0,L06326PAPP0,199
W06791PAPP0,L06326PAPP0,85
W06791PAPP0,L06326PAPP0,73
W06791PAPP0,L06387PAPP0,207
W06791PAPP0,L06387PAPP0,77
W06791PAPP0,L06387PAPP0,64
W06791PAPP0,L06392PAPP0,178
W06791PAPP0,L06392PAPP0,72
W06791PAPP0,L06392PAPP0,78
W06791PAPP0,L06514PAPP0,172
W06791PAPP0,L06514PAPP0,169
W06791PAPP0,L06514PAPP0,80
W06791PAPP0,L06514PAPP0,57
W06791PAPP0,L06689EAPP0,202
W06791PAPP0,L06689EAPP0,78
W06791PAPP0,L06689EAPP0,69
W06791PAPP0,L06780PAPP0,201
W06791PAPP0,L06780PAPP0,56
W06791PAPP0,L06780PAPP0,74
W06791PAPP0,NSCL047PMBX,475
W06791PAPP0,NSCL115PNMG,1
W06791PAPP0,NSCL116PNMG,1
W06791PAPP0,NSCL138PAPP,5
W06791PAPP0,NSCL138PAPP,286
W06791PAPP0,NSCL139PAPP,1
W06791PAPP0,NSCL169PFAP,2
W06791PAPP0,PSMP,150
W06791PAPP0,PSMP,200
W06791PAPP0,PSMP,78
W06791PAPP0,PSMP,64
W06791PAPP0,S02969PAPP0,121
W06791PAPP0,S02969PAPP0,120
W06791PAPP0,S02969PAPP0,1
W06791PAPP0,S02969PAPP0,73
W06791PAPP0,S02969PAPP0,66
W06791PAPP0,S03018PAPP0,142
W06791PAPP0,S03018PAPP0,172
W06791PAPP0,S03018PAPP0,79
W06791PAPP0,S03018PAPP0,81
W06791PAPP0,S03019PAPP0,125
W06791PAPP0,S03019PAPP0,168
W06791PAPP0,S03019PAPP0,1
W06791PAPP0,S03019PAPP0,77
W06791PAPP0,S03019PAPP0,79
W06791PAPP0,TEM-VDI-WIN11,5
W06791PAPP0,TEM-VDI-WIN11,225
W06791PAPP0,TEMPBCM-W2K16S,1
W06791PAPP0,TEMPBCM-W2K16S,173
W06791PAPP0,TEMPLATE-TIT-2K,1
W06791PAPP0,VDI-CL-TI-0024,11
W06791PAPP0,VDI-CL-TI-0037,42
W06791PAPP0,VDI-CL-TI-0062,1
W06791PAPP0,W00571PAPP0,1
W06791PAPP0,W00571PAPP0,403
W06791PAPP0,W00572PAPP0,4
W06791PAPP0,W00707PFLE0,1
W06791PAPP0,W00707PFLE0,297
W06791PAPP0,W00708PAPP0,1
W06791PAPP0,W00928PFLE0,2
W06791PAPP0,W00928PFLE0,433
W06791PAPP0,W01345PAPP0,1
W06791PAPP0,W01605PAPP0,2
W06791PAPP0,W01605PAPP0,483
W06791PAPP0,W01606PAPP0,1
W06791PAPP0,W01606PAPP0,425
W06791PAPP0,W01608PNOD1,2
W06791PAPP0,W02129PAPP0,2
W06791PAPP0,W02129PAPP0,401
W06791PAPP0,W02130PAPP0,2
W06791PAPP0,W02130PAPP0,377
W06791PAPP0,W02283PAPP0,1
W06791PAPP0,W02283PAPP0,450
W06791PAPP0,W02369PAPP0,5
W06791PAPP0,W02369PAPP0,480
W06791PAPP0,W02475PAPP0,2
W06791PAPP0,W02475PAPP0,491
W06791PAPP0,W02476PAPP0,1
W06791PAPP0,W02509PAPP0,2
W06791PAPP0,W02510PAPP1,1
W06791PAPP0,W02510PAPP1,349
W06791PAPP0,W02561PAPP0,1
W06791PAPP0,W02561PAPP0,280
W06791PAPP0,W02763PAPP1,1
W06791PAPP0,W02763PAPP2,3
W06791PAPP0,W02764PNOD2,75
W06791PAPP0,W02764PNOD2,4
W06791PAPP0,W02764PNOD2,475
W06791PAPP0,W02764PNOD2,5
W06791PAPP0,W02764PNOD3,2
W06791PAPP0,W02823PAPP0,2
W06791PAPP0,W02823PAPP0,294
W06791PAPP0,W02824PAPP0,2
W06791PAPP0,W02825PNOD1,3
W06791PAPP0,W02825PNOD1,511
W06791PAPP0,W02825PNOD2,1
W06791PAPP0,W02825PNOD2,396
W06791PAPP0,W02857PAPP0,2
W06791PAPP0,W02857PAPP0,319
W06791PAPP0,W02872PAPP0,5
W06791PAPP0,W02957EAPP0,6
W06791PAPP0,W02962PAPP0,2
W06791PAPP0,W02962PAPP0,423
W06791PAPP0,W02975PAPP0,3
W06791PAPP0,W02975PAPP0,366
W06791PAPP0,W03014PAPP0,12
W06791PAPP0,W03014PAPP0,460
W06791PAPP0,W03014PAPP0,9
W06791PAPP0,W03015PAPP0,2
W06791PAPP0,W03015PAPP0,2
W06791PAPP0,W03022PNOD1,19
W06791PAPP0,W03022PNOD1,526
W06791PAPP0,W03022PNOD2,8
W06791PAPP0,W03022PNOD2,498
W06791PAPP0,W03059PAPP0,1
W06791PAPP0,W03059PAPP0,434
W06791PAPP0,W03060PAPP0,2
W06791PAPP0,W03073PNOD1,5
W06791PAPP0,W03073PNOD1,419
W06791PAPP0,W03073PNOD2,2
W06791PAPP0,W03073PNOD2,430
W06791PAPP0,W03095PNOD1,19
W06791PAPP0,W03095PNOD1,2
W06791PAPP0,W03095PNOD2,1
W06791PAPP0,W03096PAPP0,1
W06791PAPP0,W03097PAPP0,1
W06791PAPP0,W03097PAPP0,482
W06791PAPP0,W03139PAPP0,1
W06791PAPP0,W03139PAPP0,443
W06791PAPP0,W03156PNOD1,2
W06791PAPP0,W03156PNOD2,1
W06791PAPP0,W03157PAPP0,1
W06791PAPP0,W03157PAPP0,378
W06791PAPP0,W03158PAPP0,2
W06791PAPP0,W03158PAPP0,450
W06791PAPP0,W03328PSQL0,4
W06791PAPP0,W03328PSQL0,431
W06791PAPP0,W03453PNOD1,1
W06791PAPP0,W03453PNOD2,2
W06791PAPP0,W03453PNOD2,307
W06791PAPP0,W03807PAPP0,2
W06791PAPP0,W03869PNOD1,3
W06791PAPP0,W03869PNOD1,427
W06791PAPP0,W03869PNOD2,1
W06791PAPP0,W03869PNOD2,264
W06791PAPP0,W03869PNOD2,4
W06791PAPP0,W03898PMON0,5
W06791PAPP0,W03898PMON0,324
W06791PAPP0,W03900PMBX0,2
W06791PAPP0,W03926PAPP0,2
W06791PAPP0,W03926PAPP0,256
W06791PAPP0,W04009PAPP0,2
W06791PAPP0,W04009PAPP0,423
W06791PAPP0,W04013PSQL0,1
W06791PAPP0,W04049PAPP0,5
W06791PAPP0,W04049PAPP0,450
W06791PAPP0,W04050PAPP0,2
W06791PAPP0,W04051PAPP0,1
W06791PAPP0,W04051PAPP0,428
W06791PAPP0,W04150PSQL0,3
W06791PAPP0,W04158PAPP0,5
W06791PAPP0,W04165PAPP0,3
W06791PAPP0,W04181PNOD1,2
W06791PAPP0,W04181PNOD1,1085
W06791PAPP0,W04181PNOD1,139
W06791PAPP0,W04181PNOD1,79
W06791PAPP0,W04181PNOD2,2
W06791PAPP0,W04197PAPP0,2
W06791PAPP0,W04197PAPP0,416
W06791PAPP0,W05004PNOD1,55
W06791PAPP0,W05004PNOD2,5
W06791PAPP0,W05004PNOD2,455
W06791PAPP0,W05010PAPP0,1
W06791PAPP0,W05011PAPP0,2
W06791PAPP0,W05012PAPP0,1
W06791PAPP0,W05012PAPP0,249
W06791PAPP0,W05012PAPP0,1
W06791PAPP0,W05013PAPP0,71
W06791PAPP0,W05013PAPP0,534
W06791PAPP0,W05049PBKP0,2
W06791PAPP0,W05053PNOD1,3
W06791PAPP0,W05053PNOD1,375
W06791PAPP0,W05053PNOD2,1
W06791PAPP0,W05054PNOD1,2
W06791PAPP0,W05054PNOD1,481
W06791PAPP0,W05054PNOD2,2
W06791PAPP0,W05054PNOD2,435
W06791PAPP0,W05115PNOD1,5
W06791PAPP0,W05115PNOD1,488
W06791PAPP0,W05115PNOD2,2
W06791PAPP0,W05115PNOD3,1
W06791PAPP0,W05115PNOD3,435
W06791PAPP0,W05117PAPP0,2
W06791PAPP0,W05117PAPP0,413
W06791PAPP0,W05142PAPP0,5
W06791PAPP0,W05169PAPP0,2
W06791PAPP0,W05169PAPP0,357
W06791PAPP0,W05176PSQL0,4
W06791PAPP0,W05219PAPP0,1
W06791PAPP0,W05219PAPP0,256
W06791PAPP0,W05247PNOD1,3
W06791PAPP0,W05247PNOD1,434
W06791PAPP0,W05247PNOD2,24
W06791PAPP0,W05247PNOD2,1
W06791PAPP0,W05247PNOD2,316
W06791PAPP0,W05250PAPP0,2
W06791PAPP0,W05250PAPP0,377
W06791PAPP0,W05251PAPP0,1
W06791PAPP0,W05251PAPP0,257
W06791PAPP0,W05262PAPP0,1
W06791PAPP0,W05263PAPP0,1
W06791PAPP0,W05263PAPP0,314
W06791PAPP0,W05359PCXW0,1
W06791PAPP0,W05360PCXW0,1
W06791PAPP0,W05416PPSC0,1
W06791PAPP0,W05416PPSC0,1
W06791PAPP0,W05427PCXW0,2
W06791PAPP0,W05684PAPP0,1
W06791PAPP0,W05684PAPP0,300
W06791PAPP0,W05685PAPP0,1
W06791PAPP0,W05686PNOD1,47
W06791PAPP0,W05686PNOD1,4
W06791PAPP0,W05686PNOD1,518
W06791PAPP0,W05686PNOD1,6
W06791PAPP0,W05686PNOD2,1
W06791PAPP0,W05686PNOD2,402
W06791PAPP0,W05691PAPP0,1
W06791PAPP0,W05691PAPP0,1
W06791PAPP0,W05691PAPP0,2
W06791PAPP0,W05691PAPP0,3
W06791PAPP0,W05781PAPP0,1
W06791PAPP0,W05781PAPP0,419
W06791PAPP0,W05782PAPP0,2
W06791PAPP0,W05871PAPP0,3
W06791PAPP0,W05895PSQL0,3
W06791PAPP0,W05895PSQL0,371
W06791PAPP0,W05911PCXW0,3
W06791PAPP0,W05911PCXW0,421
W06791PAPP0,W05912PCXW0,1
W06791PAPP0,W05912PCXW0,377
W06791PAPP0,W05935PAPP0,1
W06791PAPP0,W05935PAPP0,380
W06791PAPP0,W05986PAPP0,1
W06791PAPP0,W05986PAPP0,336
W06791PAPP0,W06178PFLE0,2
W06791PAPP0,W06178PFLE0,382
W06791PAPP0,W06307PSQL0,1
W06791PAPP0,W06307PSQL0,310
W06791PAPP0,W06353PCXW0,2
W06791PAPP0,W06445PNCE0,2
W06791PAPP0,W06445PNCE0,408
W06791PAPP0,W06448PSQL0,1
W06791PAPP0,W06448PSQL0,436
W06791PAPP0,W06449PNCE0,6
W06791PAPP0,W06449PNCE0,497
W06791PAPP0,W06450PNCE0,1
W06791PAPP0,W06450PNCE0,401
W06791PAPP0,W06451PNCE0,1
W06791PAPP0,W06532PAPP0,3
W06791PAPP0,W06545PNOD1,57
W06791PAPP0,W06545PNOD1,96
W06791PAPP0,W06545PNOD1,72
W06791PAPP0,W06545PNOD1,2
W06791PAPP0,W06545PNOD2,1
W06791PAPP0,W06545PNOD2,218
W06791PAPP0,W06559PAPP0,1
W06791PAPP0,W06682EAPP0,1
W06791PAPP0,W06761PSQL0,4
W06793QAPP0,W05416PPSC0,1
W06793QAPP0,W05416PPSC0,1
W06793QAPP0,W05691PAPP0,3
W06793QAPP0,W05691PAPP0,3
Weblogic-12-Auto,W03900PMBX0,8
Weblogic-12-Auto,W03900PMBX0,7
Weblogic-12-Auto,W03900PMBX0,4
Weblogic-12-Auto,W03900PMBX0,5
Weblogic-12-Auto_0000000002,W03900PMBX0,4
Weblogic-12-Auto_0000000002,W03900PMBX0,5
Weblogic-12-Auto_0000000002,W03900PMBX0,5